source,target,weight
computer science,data science,1590
computer science,database,1471
computer science,world wide web,1310
computer science,workflow,1208
database,workflow,1105
computer science,engineering,959
data science,database,828
data science,world wide web,827
computer science,knowledge management,789
computer science,political science,740
business,computer science,689
database,world wide web,686
data science,workflow,660
computer science,software engineering,579
computer science,software,519
workflow,world wide web,517
computer science,operating system,502
artificial intelligence,computer science,481
computer science,programming language,446
computer science,data management,435
computer science,data mining,433
data science,engineering,423
data science,knowledge management,422
database,software engineering,414
engineering,knowledge management,389
business,knowledge management,386
software engineering,workflow,383
business,political science,369
computer science,medicine,359
database,operating system,357
knowledge management,political science,353
knowledge management,world wide web,344
computer science,sociology,340
biology,computer science,340
political science,world wide web,332
database,engineering,331
data management,database,325
data management,data science,323
engineering,political science,321
political science,public relations,320
computer science,open science,314
cloud computing,computer science,312
data science,software engineering,308
operating system,workflow,306
business,engineering,306
engineering,world wide web,305
computer science,geography,303
data science,political science,296
computer science,metadata,295
database,software,291
computer science,process (computing),289
engineering,engineering management,289
metadata,world wide web,286
political science,sociology,281
computer science,engineering management,280
data mining,data science,274
computer science,interoperability,272
software,workflow,270
computer science,public relations,265
database,programming language,264
computer science,library science,263
data science,software,261
interoperability,world wide web,261
software,software engineering,259
computer science,distributed computing,256
business,world wide web,256
engineering,workflow,255
software,world wide web,253
computer science,process management,252
computer science,psychology,251
business,data science,249
data mining,database,248
software engineering,world wide web,246
database,knowledge management,239
programming language,workflow,236
computer science,information retrieval,236
database,distributed computing,233
computer science,mathematics,233
data management,knowledge management,232
workflow,workflow management system,227
distributed computing,workflow,224
cloud computing,database,223
programming language,software engineering,220
engineering,engineering ethics,218
computer science,context (archaeology),217
computer science,workflow management system,217
database,workflow management system,217
open science,world wide web,214
data management,world wide web,214
open science,political science,213
cloud computing,workflow,211
data science,metadata,207
programming language,software,207
data mining,workflow,205
data science,open science,205
computer science,data sharing,204
computer science,data curation,200
computer science,computer security,199
database,metadata,197
cloud computing,operating system,197
computer science,systems engineering,189
business,process management,188
computer science,open data,185
knowledge management,sociology,184
computer science,engineering ethics,184
data science,interoperability,184
engineering,process management,182
data curation,data science,181
engineering,software engineering,180
distributed computing,operating system,179
library science,political science,179
engineering management,knowledge management,177
knowledge management,process management,177
operating system,world wide web,176
operating system,software,176
business,public relations,174
data science,programming language,173
artificial intelligence,database,173
operating system,software engineering,173
business,database,172
open data,world wide web,172
data science,data sharing,171
engineering,systems engineering,170
computer science,service (business),168
artificial intelligence,workflow,166
computer science,documentation,164
artificial intelligence,data science,162
engineering,sociology,162
medicine,political science,162
public relations,sociology,161
information retrieval,world wide web,160
open data,open science,160
data management,engineering,159
biology,data science,159
data science,information retrieval,156
workflow,workflow technology,154
data science,geography,150
programming language,world wide web,150
business,data management,150
knowledge management,public relations,150
computer science,workflow technology,148
database,workflow technology,148
workflow management system,workflow technology,148
database,information retrieval,148
business,engineering management,148
database,interoperability,148
law,political science,147
social science,sociology,146
data curation,data management,146
biology,computational biology,145
data science,process (computing),144
workflow,workflow engine,144
knowledge management,workflow,143
computer science,publishing,143
metadata,workflow,142
database,process (computing),141
engineering ethics,political science,140
data science,medicine,140
business,service (business),138
data sharing,world wide web,138
political science,publishing,138
process (computing),workflow,137
cloud computing,data science,137
software engineering,workflow management system,136
workflow engine,workflow management system,135
engineering,work (physics),135
computer science,workflow engine,134
context (archaeology),data science,134
database,workflow engine,134
data science,operating system,133
data science,sociology,133
data science,open data,133
engineering,process (computing),131
data mining,world wide web,131
political science,psychology,131
workflow engine,workflow technology,130
computer science,machine learning,130
cloud computing,distributed computing,128
data management,workflow,128
computer science,social science,127
computer science,physics,127
geography,political science,127
computer science,work (physics),127
data curation,database,127
computer science,ecology,127
computer science,python (programming language),127
biology,database,126
business,sociology,125
computational biology,computer science,125
data management,political science,125
business,marketing,123
biology,workflow,123
data curation,knowledge management,122
engineering,public relations,122
biology,ecology,121
interoperability,workflow,121
open data,political science,120
knowledge management,open science,119
cloud computing,world wide web,119
geography,world wide web,118
medicine,psychology,118
engineering,medicine,117
engineering,software,117
library science,world wide web,117
artificial intelligence,data mining,116
computer science,research data,115
database,political science,114
computer science,reuse,114
data curation,world wide web,114
computer science,marketing,114
context (archaeology),world wide web,113
computer science,set (abstract data type),112
software engineering,workflow technology,111
engineering,open science,111
computer science,rdm,110
knowledge management,process (computing),108
publishing,world wide web,108
service (business),world wide web,107
distributed computing,workflow management system,106
computer science,management science,106
data curation,research data,106
computer science,scalability,106
biology,genetics,105
software engineering,workflow engine,103
database,documentation,103
engineering management,process management,103
big data,computer science,103
information retrieval,workflow,102
engineering,management science,102
process (computing),world wide web,102
political science,social science,102
data management,metadata,102
documentation,workflow,101
computer science,open source,101
public relations,world wide web,101
sociology,world wide web,101
data management,data sharing,101
data management,data management plan,101
data sharing,knowledge management,101
computer security,world wide web,100
knowledge management,medicine,100
interoperability,metadata,100
open source,software,100
data management,research data,100
computer science,economics,99
computer science,field (mathematics),98
computer science,quality (philosophy),98
computer security,data science,98
software,software development,98
computer science,scholarly communication,97
computer science,transparency (behavior),97
database,scalability,97
computer science,environmental science,97
library science,sociology,96
data mining,software,96
computer science,grid,95
engineering,geography,95
engineering ethics,sociology,95
medicine,pathology,95
engineering,operating system,95
computer science,law,95
data science,research data,95
data science,psychology,95
mathematics,statistics,95
data science,engineering ethics,94
engineering ethics,knowledge management,93
computer science,management,93
artificial intelligence,machine learning,93
context (archaeology),database,92
database,geography,92
political science,workflow,92
artificial intelligence,programming language,92
data science,process management,92
data sharing,database,92
publishing,scholarly communication,92
process (computing),software engineering,91
computer science,geology,91
computer science,resource (disambiguation),91
business,geography,91
engineering management,systems engineering,91
data science,reuse,91
medical education,medicine,91
data management,data mining,91
computer science,statistics,91
context (archaeology),knowledge management,90
data science,workflow management system,90
computer science,scheduling (production processes),90
database,systems engineering,90
operating system,workflow management system,90
database,engineering management,90
political science,scholarly communication,90
engineering,reuse,90
data science,documentation,90
business,medicine,90
psychology,sociology,89
business,workflow,89
distributed computing,software engineering,89
artificial intelligence,software,89
documentation,world wide web,89
medicine,world wide web,89
bioinformatics,computer science,89
data management,rdm,89
business,process (computing),88
computer science,project management,88
computer science,visualization,88
database,process management,88
context (archaeology),political science,88
engineering,psychology,88
artificial intelligence,world wide web,87
scheduling (production processes),workflow,87
biology,world wide web,87
computational biology,genetics,87
open science,sociology,87
distributed computing,scheduling (production processes),86
computer science,human–computer interaction,86
internal medicine,medicine,86
artificial intelligence,engineering,86
business,open science,86
data sharing,political science,86
engineering,interoperability,85
interoperability,knowledge management,85
chemistry,computer science,85
database,scheduling (production processes),84
engineering management,world wide web,84
reuse,world wide web,84
knowledge management,marketing,84
computer science,data management plan,84
biology,gene,84
computer security,database,83
software engineering,systems engineering,83
engineering management,political science,83
engineering,project management,82
open science,public relations,82
big data,data science,82
programming language,python (programming language),82
data science,service (business),81
engineering,operations management,81
data science,engineering management,81
scalability,workflow,81
alternative medicine,medicine,81
computer science,genetics,81
business,economics,81
open science,workflow,81
computer science,variety (cybernetics),80
data sharing,medicine,80
knowledge management,psychology,80
knowledge management,rdm,80
gene,genetics,80
context (archaeology),workflow,79
data mining,programming language,79
context (archaeology),engineering,79
economics,political science,79
computer science,operations management,78
computer science,software development,78
computer science,pipeline (software),78
knowledge management,research data,78
database,service (business),77
knowledge management,social science,77
information retrieval,metadata,77
computer science,key (lock),77
knowledge management,service (business),77
bioinformatics,biology,77
scholarly communication,world wide web,76
data management,engineering management,76
medicine,sociology,76
data science,mathematics,76
database,grid,75
systems engineering,workflow,75
political science,process (computing),75
engineering management,project management,75
computer science,e-science,75
artificial intelligence,software engineering,75
marketing,political science,75
medicine,public relations,75
biology,medicine,75
computational biology,gene,75
computer network,computer science,74
computer science,domain (mathematical analysis),74
data mining,engineering,74
medicine,medline,74
documentation,software,74
knowledge management,open data,74
computer science,task (project management),73
database,reuse,73
open science,psychology,73
data mining,visualization,73
cloud computing,engineering,73
data science,library science,73
data mining,information retrieval,73
process (computing),process management,72
computer science,scripting language,72
library science,public relations,72
business,library science,72
political science,service (business),72
computer science,data quality,72
grid,workflow,71
interoperability,political science,71
engineering,library science,71
data science,ecology,71
data science,rdm,71
data science,field (mathematics),70
political science,work (physics),70
process (computing),software,70
business,data curation,70
data science,publishing,70
best practice,computer science,70
computer science,data collection,69
engineering ethics,open science,69
database,medicine,69
computer science,medical education,69
open research,open science,69
database,python (programming language),69
python (programming language),workflow,69
big data,data mining,69
knowledge management,work (physics),68
environmental resource management,environmental science,68
cloud computing,workflow management system,68
computer science,provenance,67
computer security,workflow,67
data curation,political science,67
environmental science,geography,67
engineering ethics,public relations,67
computer science,interface (matter),67
operating system,programming language,67
business,open data,67
operating system,scheduling (production processes),66
project management,systems engineering,66
open source,world wide web,66
database,research data,66
marketing,service (business),66
data sharing,engineering,66
documentation,software engineering,66
data sharing,open data,66
artificial intelligence,biology,66
medicine,nursing,66
documentation,programming language,65
context (archaeology),geography,65
artificial intelligence,mathematics,65
data management plan,database,65
data science,public relations,65
public relations,social science,65
cloud computing,scheduling (production processes),65
computer science,gene,65
data science,workflow technology,64
distributed computing,workflow technology,64
data science,e-science,64
engineering,metadata,64
knowledge management,metadata,64
qualitative research,sociology,64
management,political science,64
data management,process management,64
database,open science,64
python (programming language),software,64
computer science,source code,64
data sharing,metadata,64
computer science,cyberinfrastructure,63
business,computer security,63
engineering,mathematics,63
software development,software engineering,63
data mining,software engineering,63
computer science,qualitative research,63
data science,set (abstract data type),63
big data,database,63
data management plan,data science,63
psychology,world wide web,63
data quality,data science,63
data science,workflow engine,62
geography,knowledge management,62
business,project management,62
cloud computing,software engineering,62
engineering,social science,62
database,rdm,62
mathematics,open science,62
algorithm,computer science,61
knowledge management,project management,61
database,provenance,61
data curation,engineering,61
interoperability,software engineering,61
biology,data mining,61
computer science,environmental resource management,61
knowledge management,library science,61
data mining,operating system,61
business,data sharing,61
knowledge management,systems engineering,60
data science,distributed computing,60
computer security,engineering,60
engineering,quality (philosophy),60
database,visualization,60
visualization,workflow,60
cyberinfrastructure,data science,60
computer science,open research,60
open research,world wide web,60
service (business),workflow,59
knowledge management,management science,59
database,e-science,59
e-science,workflow,59
provenance,workflow,59
work (physics),world wide web,59
data science,domain (mathematical analysis),59
geography,workflow,59
data management,interoperability,59
medicine,workflow,59
data sharing,open science,59
distributed computing,workflow engine,58
law,sociology,58
data science,work (physics),58
data science,systems engineering,58
data curation,metadata,58
data management plan,knowledge management,58
biology,programming language,58
engineering,open data,58
data science,transparency (behavior),58
political science,transparency (behavior),58
knowledge management,software engineering,57
engineering,programming language,57
artificial intelligence,operating system,57
data science,management science,57
psychology,public relations,57
knowledge management,software,57
data science,variety (cybernetics),57
computer security,political science,57
computer science,telecommunications,56
business,engineering ethics,56
business,work (physics),56
engineering management,process (computing),56
process management,systems engineering,56
computer science,software deployment,56
data science,social science,56
computer science,scale (ratio),56
code (set theory),computer science,56
knowledge management,publishing,56
public relations,publishing,56
data management plan,world wide web,56
database,open data,56
open science,transparency (behavior),56
best practice,political science,56
workflow management system,world wide web,55
operating system,workflow technology,55
information retrieval,programming language,55
biology,geography,55
engineering,workflow management system,55
data science,visualization,55
business,research data,55
operating system,scalability,55
knowledge management,management,55
computer science,pedagogy,55
law,public relations,55
reuse,workflow,55
data management,medicine,55
biology,software,55
data management,sociology,55
variety (cybernetics),world wide web,55
ecology,geography,55
analytics,computer science,55
rdm,world wide web,55
engineering,service (business),54
pedagogy,sociology,54
engineering management,software engineering,54
e-science,world wide web,54
process management,workflow,54
computer science,the internet,54
data curation,workflow,54
computer science,health care,54
set (abstract data type),workflow,54
the internet,world wide web,54
data management,service (business),54
database,set (abstract data type),54
database,interface (matter),54
computer security,knowledge management,53
political science,process management,53
data science,scalability,53
computer science,remote sensing,53
database,ecology,53
business,management,53
data sharing,workflow,53
medical education,psychology,53
pipeline (software),workflow,52
business,context (archaeology),52
engineering,management,52
business,interoperability,52
open science,publishing,52
data curation,rdm,52
library science,publishing,52
software,source code,52
computer science,grid computing,51
cyberinfrastructure,world wide web,51
grid,grid computing,51
operating system,workflow engine,51
business,systems engineering,51
context (archaeology),sociology,51
computational science,computer science,51
computer science,scope (computer science),51
scripting language,workflow,51
environmental resource management,geography,51
economics,management,51
engineering ethics,psychology,51
ecology,workflow,51
artificial intelligence,information retrieval,51
analytics,data science,51
business,rdm,51
business,publishing,51
transparency (behavior),world wide web,50
domain (mathematical analysis),workflow,50
data collection,data science,50
knowledge management,qualitative research,50
data management,public relations,50
ecology,environmental science,50
computer science,semantic web,49
process (computing),programming language,49
computer network,database,49
computer science,plan (archaeology),49
software deployment,software engineering,49
computer science,publication,49
health care,medicine,49
big data,world wide web,49
medical education,political science,49
data curation,data management plan,49
political science,research data,49
cyberinfrastructure,workflow,48
data science,scholarly communication,48
field (mathematics),workflow,48
data science,provenance,48
database,scripting language,48
distributed computing,engineering,48
database,variety (cybernetics),48
computer science,pathology,48
database,pipeline (software),48
engineering,law,48
ecology,world wide web,48
data curation,data sharing,48
open data,public relations,48
task (project management),workflow,47
knowledge management,reuse,47
database,domain (mathematical analysis),47
artificial intelligence,medicine,47
engineering,marketing,47
computational biology,database,47
computer science,epistemology,47
economics,engineering,47
computer science,usability,47
data science,quality (philosophy),47
marketing,public relations,47
data sharing,interoperability,47
interface (matter),workflow,47
cartography,geography,47
data science,open research,47
data mining,machine learning,47
programming language,source code,47
python (programming language),world wide web,47
publishing,workflow,47
programming language,workflow management system,46
knowledge management,scholarly communication,46
process management,project management,46
cloud computing,software,46
computer science,information system,46
data science,human–computer interaction,46
data management,process (computing),46
computational biology,workflow,46
archaeology,geography,46
geography,library science,46
code (set theory),programming language,46
cartography,computer science,46
cloud computing,data mining,46
database,library science,46
python (programming language),software engineering,46
computer science,identifier,46
best practice,data science,46
computer network,operating system,45
engineering ethics,medicine,45
interoperability,software,45
engineering ethics,social science,45
political science,qualitative research,45
humanities,political science,45
open science,software,45
computer science,philosophy,45
biology,political science,45
library science,open science,45
database,grid computing,44
grid,world wide web,44
database,resource (disambiguation),44
database,task (project management),44
distributed computing,grid,44
database,field (mathematics),44
architecture,computer science,44
business,law,44
process management,software engineering,44
software deployment,workflow,44
data science,key (lock),44
computer science,mathematical optimization,44
cloud computing,scalability,44
metadata,political science,44
bioinformatics,data science,44
bioinformatics,database,44
database,open source,44
computer science,medline,44
ecology,environmental resource management,44
psychology,workflow,44
bioinformatics,computational biology,44
cyberinfrastructure,database,43
workflow technology,world wide web,43
computer network,distributed computing,43
computer network,workflow,43
scheduling (production processes),workflow management system,43
engineering management,operations management,43
geography,sociology,43
disease,medicine,43
data science,resource (disambiguation),43
visualization,world wide web,43
process management,world wide web,43
research data,world wide web,43
mathematics,workflow,43
political science,public administration,43
business,psychology,43
citizen science,computer science,43
operating system,python (programming language),43
engineering,rdm,43
political science,rdm,43
open data,open research,43
publishing,sociology,43
semantic web,world wide web,42
workflow engine,world wide web,42
computer science,control (management),42
key (lock),workflow,42
computer security,transparency (behavior),42
engineering management,workflow,42
automation,computer science,42
metadata,software,42
human–computer interaction,world wide web,42
data science,open source,42
computer science,internet privacy,42
big data,workflow,42
computer science,standardization,42
economics,public relations,42
interface (matter),operating system,42
archaeology,computer science,42
programming language,set (abstract data type),42
set (abstract data type),world wide web,42
cloud computing,workflow technology,42
data science,python (programming language),42
business,environmental resource management,42
interoperability,open science,42
database,publishing,42
engineering,publishing,42
mathematics,world wide web,42
business,data quality,42
open data,workflow,42
computer science,web service,41
web service,world wide web,41
business,operations management,41
distributed computing,world wide web,41
business,quality (philosophy),41
engineering management,work (physics),41
engineering,workflow technology,41
computer science,ontology,41
context (archaeology),metadata,41
data sharing,public relations,41
qualitative research,social science,41
documentation,engineering,41
open science,openness to experience,41
computer science,modular design,41
open source,operating system,41
big data,cloud computing,41
citizen science,open science,41
computer science,reproducibility,41
grid,operating system,40
grid computing,workflow,40
computer science,theoretical computer science,40
data science,grid,40
database,human–computer interaction,40
database,key (lock),40
human–computer interaction,workflow,40
transparency (behavior),workflow,40
engineering,workflow engine,40
open source,programming language,40
computer science,data access,40
open science,open source,40
operations management,process management,40
computer science,graphical user interface,40
alternative medicine,computer science,40
medicine,public health,40
art,computer science,40
context (archaeology),data sharing,40
computer science,geospatial analysis,40
bioinformatics,workflow,40
engineering ethics,world wide web,40
computer science,raw data,40
public relations,scholarly communication,40
biology,engineering,40
database,source code,40
context (archaeology),open science,40
engineering,research data,40
social science,world wide web,40
data management,data quality,40
data quality,database,40
context (archaeology),software engineering,39
business,social science,39
field (mathematics),world wide web,39
database,work (physics),39
programming language,scripting language,39
data collection,data management,39
publication,world wide web,39
database,mathematics,39
computer science,openness to experience,39
openness to experience,political science,39
computer science,flexibility (engineering),39
context (archaeology),data management,39
computer science,perspective (graphical),39
business,scholarly communication,39
scalability,software engineering,39
computer science,linguistics,39
source code,workflow,39
biology,mathematics,39
identifier,world wide web,39
rdm,research data,39
data management plan,metadata,39
data quality,knowledge management,39
open science,physics,39
code (set theory),software,39
medical education,sociology,39
medline,political science,39
alternative medicine,pathology,39
context (archaeology),process (computing),38
medical physics,medicine,38
provenance,world wide web,38
resource (disambiguation),workflow,38
key (lock),world wide web,38
pedagogy,psychology,38
business,management science,38
knowledge management,quality (philosophy),38
database,geology,38
geology,workflow,38
computer science,value (mathematics),38
metadata,reuse,38
law,world wide web,38
work (physics),workflow,38
process (computing),sociology,38
economics,sociology,38
public relations,work (physics),38
data management,library science,38
data management,software,38
cloud computing,workflow engine,38
data curation,sociology,38
computer science,risk analysis (engineering),38
data management plan,rdm,38
interoperability,open data,38
data management,open data,38
public relations,service (business),38
best practice,engineering,38
data mining,metadata,38
environmental health,medicine,38
pedagogy,political science,38
cloud computing,political science,38
data sharing,reuse,38
database,semantic web,37
programming language,workflow technology,37
computer science,gateway (web page),37
gateway (web page),world wide web,37
variety (cybernetics),workflow,37
information system,knowledge management,37
artificial intelligence,process (computing),37
software,systems engineering,37
law,open science,37
philosophy,political science,37
computer science,originality,37
computational biology,data science,37
economics,knowledge management,37
geography,remote sensing,37
marketing,world wide web,37
data management plan,engineering,37
interface (matter),world wide web,37
engineering management,software,37
computer science,identification (biology),37
neuroscience,psychology,37
data mining,knowledge management,37
business,cloud computing,37
data quality,engineering,37
open research,political science,37
law,library science,37
coronavirus disease 2019 (covid-19),medicine,37
computer science,parallel computing,36
computer security,key (lock),36
distributed computing,grid computing,36
psychology,social science,36
data science,physics,36
opm3,project management,36
automation,engineering,36
software,visualization,36
metadata,programming language,36
database,software deployment,36
mathematics,medicine,36
data science,pipeline (software),36
distributed computing,scalability,36
scalability,world wide web,36
management,public relations,36
data management,software engineering,36
set (abstract data type),software engineering,36
business,software,36
data mining,mathematics,36
engineering,field (mathematics),36
data mining,process (computing),36
geography,open science,36
political science,publication,36
biology,environmental science,36
data management,reuse,36
data quality,world wide web,36
best practice,open science,36
operating system,systems engineering,35
telecommunications,world wide web,35
business,operating system,35
operating system,process (computing),35
information retrieval,interoperability,35
information retrieval,software,35
project management,project management triangle,35
mathematical optimization,scheduling (production processes),35
art,humanities,35
data science,scale (ratio),35
context (archaeology),interoperability,35
set (abstract data type),software,35
open source,workflow,35
business,risk analysis (engineering),35
biology,genome,35
business,data management plan,35
best practice,knowledge management,35
artificial intelligence,computational biology,35
data mining,medicine,35
engineering,transparency (behavior),35
knowledge management,transparency (behavior),35
alternative medicine,medline,35
metadata,operating system,34
information retrieval,semantic web,34
engineering ethics,engineering management,34
metadata,software engineering,34
artificial intelligence,distributed computing,34
business,transparency (behavior),34
computer security,operating system,34
automation,workflow,34
data science,semantic web,34
distributed computing,mathematical optimization,34
engineering,environmental science,34
resource (disambiguation),world wide web,34
data science,geospatial analysis,34
geospatial analysis,workflow,34
computer science,leverage (statistics),34
documentation,metadata,34
knowledge management,medical education,34
cloud computing,computer network,34
machine learning,workflow,34
artificial intelligence,psychology,34
data collection,sociology,34
data science,statistics,34
medicine,protocol (science),34
systems engineering,task (project management),33
grid,software engineering,33
human–computer interaction,software engineering,33
business,software engineering,33
domain (mathematical analysis),software engineering,33
data collection,database,33
computer science,protocol (science),33
mathematics,political science,33
management,sociology,33
marketing,sociology,33
geography,metadata,33
geography,medicine,33
library science,medicine,33
context (archaeology),software,33
usability,world wide web,33
knowledge management,open research,33
data visualization,visualization,33
database,sociology,33
business,data mining,33
political science,politics,33
database,machine learning,33
business,environmental science,33
computer science,genome,33
open data,publishing,33
citation,computer science,33
data management plan,political science,33
interoperability,reuse,33
scholarly communication,sociology,33
citizen science,political science,33
psychology,social psychology,33
best practice,world wide web,33
open data,transparency (behavior),33
medline,systematic review,33
computer science,windows workflow foundation,32
database,windows workflow foundation,32
windows workflow foundation,workflow,32
windows workflow foundation,workflow management system,32
windows workflow foundation,workflow technology,32
distributed computing,programming language,32
computer science,management system,32
engineering ethics,management science,32
knowledge management,operations management,32
engineering,key (lock),32
engineering management,quality (philosophy),32
e-science,grid,32
data science,geology,32
process (computing),systems engineering,32
scripting language,world wide web,32
reuse,software engineering,32
computer security,software engineering,32
database,quality (philosophy),32
health care,political science,32
public administration,public relations,32
knowledge management,pedagogy,32
business,finance,32
mathematics education,psychology,32
modular design,workflow,32
quality (philosophy),world wide web,32
data management,geography,32
engineering management,management,32
citizen science,data science,32
computer science,sustainability,32
engineering,open research,32
computer security,open science,32
bioinformatics,data mining,32
computer science,neuroscience,32
computer science,natural language processing,32
domain (mathematical analysis),world wide web,32
data mining,python (programming language),32
artificial intelligence,set (abstract data type),32
source code,world wide web,32
biology,open science,32
law,publishing,32
open science,scholarly communication,32
rdm,sociology,32
computer science,population,32
mathematics,psychology,32
analytics,workflow,32
medicine,population,32
medicine,open science,32
artificial intelligence,deep learning,32
computer science,deep learning,32
database,web service,31
grid computing,operating system,31
web service,workflow,31
software engineering,windows workflow foundation,31
windows workflow foundation,workflow engine,31
systems engineering,workflow management system,31
computer science,order (exchange),31
engineering,plan (archaeology),31
engineering management,service (business),31
engineering,physics,31
computer science,discipline,31
scripting language,software,31
data access,database,31
data access,world wide web,31
process management,software,31
data collection,world wide web,31
database,mathematical optimization,31
mathematical optimization,workflow,31
management science,political science,31
originality,sociology,31
computer science,data integration,31
management science,process management,31
library science,social science,31
data management,operating system,31
epistemology,philosophy,31
data mining,geography,31
business,sustainability,31
programming language,software development,31
data curation,public relations,31
open science,social science,31
cloud computing,data management,31
business,ecology,31
database,identifier,31
data management plan,research data,31
library science,scholarly communication,31
computational biology,genome,31
genetics,genome,31
biodiversity,ecology,31
analytics,database,31
analytics,world wide web,31
programming language,workflow engine,30
engineering,management system,30
computer science,dissemination,30
computer science,opm3,30
computer science,multidisciplinary approach,30
data science,scripting language,30
internet privacy,world wide web,30
pipeline (software),programming language,30
computer science,executable,30
data curation,interoperability,30
art,political science,30
engineering,pedagogy,30
law,medicine,30
data integration,data science,30
engineering,medical education,30
geography,geospatial analysis,30
chemistry,database,30
database,raw data,30
political science,scholarship,30
computer science,reusability,30
computer science,history,30
data science,software development,30
sociology,work (physics),30
cloud computing,knowledge management,30
code (set theory),source code,30
geography,scale (ratio),30
business,european union,30
environmental science,geology,30
software engineering,source code,30
data science,standardization,30
metadata,publishing,30
citation,world wide web,30
graphical user interface,workflow,30
data collection,knowledge management,30
data management,marketing,30
gene,genome,30
data sharing,rdm,30
biology,environmental resource management,30
medicine,social science,30
data mining,data sharing,30
family medicine,medicine,30
coronavirus disease 2019 (covid-19),pandemic,30
artificial intelligence,workflow management system,29
business,order (exchange),29
engineering management,management science,29
management system,operations management,29
artificial intelligence,control (management),29
artificial intelligence,human–computer interaction,29
key (lock),knowledge management,29
automation,software engineering,29
database,ontology,29
engineering,information system,29
computer science,project management triangle,29
engineering,task (project management),29
engineering,software development,29
software development,workflow,29
data management,work (physics),29
knowledge management,originality,29
originality,qualitative research,29
sociology,workflow,29
database,genetics,29
big data,data management,29
big data,operating system,29
humanities,philosophy,29
interface (matter),software,29
computer science,suite,29
computer science,mathematics education,29
open source software,software,29
context (archaeology),public relations,29
database,geospatial analysis,29
geospatial analysis,world wide web,29
data management,plan (archaeology),29
data science,raw data,29
cloud computing,service (business),29
programming language,visualization,29
ecology,political science,29
data science,identifier,29
software development,world wide web,29
computer science,multimedia,29
data sharing,sociology,29
open data,sociology,29
code (set theory),software engineering,29
data quality,data sharing,29
nursing,political science,29
data management plan,data sharing,29
computer science,government (linguistics),28
engineering management,geography,28
engineering management,management system,28
artificial intelligence,knowledge management,28
computer science,function (biology),28
systems engineering,world wide web,28
database,gateway (web page),28
engineering management,opm3,28
data science,ontology,28
computer science,presentation (obstetrics),28
cloud computing,metadata,28
data science,publication,28
computer science,supercomputer,28
political science,value (mathematics),28
computational biology,data mining,28
genetics,workflow,28
scalability,software,28
public relations,qualitative research,28
geography,geology,28
data science,interface (matter),28
computer science,toolbox,28
open science,reuse,28
computer science,informatics,28
data science,health care,28
business,corporate governance,28
political science,quality (philosophy),28
open science,work (physics),28
cloud computing,computer security,28
machine learning,software,28
big data,engineering,28
metadata,open science,28
public relations,rdm,28
political science,software,28
database,graphical user interface,28
data science,machine learning,28
computational biology,programming language,28
cloud computing,interoperability,28
rdm,service (business),28
artificial intelligence,cloud computing,28
physics,world wide web,28
documentation,operating system,28
human–computer interaction,software,28
computer science,stewardship (theology),28
computer science,nursing,28
best practice,workflow,28
nursing,public health,28
documentation,python (programming language),28
medicine,systematic review,28
medicine,pandemic,28
semantic web,workflow,27
computer science,graph,27
distributed computing,systems engineering,27
knowledge management,plan (archaeology),27
database,operations management,27
gateway (web page),workflow,27
database,scholarly communication,27
discipline,political science,27
biology,psychology,27
automation,database,27
scripting language,software engineering,27
software,workflow management system,27
distributed computing,software,27
interoperability,programming language,27
data access,data science,27
quality (philosophy),workflow,27
engineering management,marketing,27
alternative medicine,data sharing,27
alternative medicine,political science,27
annotation,computer science,27
data science,plan (archaeology),27
engineering,set (abstract data type),27
management science,process (computing),27
data science,task (project management),27
data integration,database,27
engineering,epistemology,27
openness to experience,psychology,27
interoperability,service (business),27
discipline,sociology,27
computer science,open innovation,27
data science,marketing,27
environmental resource management,political science,27
computer science,health informatics,27
reusability,software,27
computer science,incentive,27
data collection,medicine,27
artificial intelligence,natural language processing,27
computer science,provisioning,27
computer graphics (images),computer science,27
computational biology,medicine,27
software,software deployment,27
cloud computing,mathematical optimization,27
data governance,data management,27
data governance,data quality,27
gene,workflow,27
data curation,open data,27
data mining,scalability,27
artificial intelligence,statistics,27
medicine,statistics,27
cloud computing,open science,27
machine learning,mathematics,27
computer science,computer vision,27
component (thermodynamics),computer science,26
database,theoretical computer science,26
graph,theoretical computer science,26
theoretical computer science,workflow,26
operations management,systems engineering,26
context (archaeology),social science,26
engineering,opm3,26
program management,project management,26
ontology,workflow,26
computer science,middleware (distributed applications),26
operating system,software deployment,26
domain (mathematical analysis),engineering,26
engineering,scheduling (production processes),26
process (computing),quality (philosophy),26
algorithm,mathematics,26
marketing,process management,26
computer science,relevance (law),26
engineering,scale (ratio),26
computer science,humanities,26
service (business),sociology,26
computer science,upload,26
context (archaeology),medicine,26
data science,remote sensing,26
biology,operating system,26
biology,software engineering,26
chemistry,workflow,26
code (set theory),data science,26
code (set theory),workflow,26
citizen science,world wide web,26
knowledge management,open innovation,26
database,plan (archaeology),26
political science,reuse,26
benchmark (surveying),computer science,26
benchmarking,computer science,26
computer science,scholarship,26
medline,pathology,26
computer science,data visualization,26
alternative medicine,psychology,26
artificial intelligence,variety (cybernetics),26
data integration,data management,26
bioinformatics,medicine,26
engineering ethics,library science,26
physics,political science,26
computational science,database,26
computational science,workflow,26
data mining,set (abstract data type),26
operating system,software development,26
business,metadata,26
data science,usability,26
biology,business,26
code (set theory),database,26
geography,meteorology,26
engineering,risk analysis (engineering),26
environmental planning,environmental science,26
metadata,open data,26
metadata,scholarly communication,26
public relations,research data,26
interoperability,process (computing),26
clinical trial,medicine,26
computer science,data governance,26
best practice,data management,26
database,psychology,26
database,gene,26
medical education,public relations,26
data science,environmental science,26
biodiversity,computer science,26
library science,psychology,26
medline,psychology,26
medicine,qualitative research,26
information retrieval,provenance,25
computer network,resource (disambiguation),25
distributed computing,task (project management),25
scheduling (production processes),workflow technology,25
scholarly communication,workflow,25
architecture,database,25
medicine,psychological intervention,25
engineering,project management triangle,25
database,software development,25
data mining,workflow management system,25
computer science,digital curation,25
plan (archaeology),political science,25
computer science,corporate governance,25
political science,science policy,25
interface (matter),software engineering,25
computer science,finance,25
geography,software,25
economic growth,economics,25
database,modular design,25
engineering management,medicine,25
geography,public relations,25
data management,documentation,25
management,project management,25
business,public administration,25
database,scale (ratio),25
data mining,data visualization,25
data science,the internet,25
data sharing,psychology,25
cartography,data science,25
ecology,engineering,25
psychology,qualitative research,25
engineering,scalability,25
context (archaeology),open data,25
european union,political science,25
computer science,meteorology,25
mathematics,programming language,25
computer science,usable,25
annotation,artificial intelligence,25
open science,process (computing),25
computer security,software,25
data sharing,software,25
graphical user interface,programming language,25
computer science,digitization,25
environmental planning,geography,25
open data,software,25
database,usability,25
data management,social science,25
research data,sociology,25
data mining,data quality,25
publishing,service (business),25
data management plan,workflow,25
data science,environmental resource management,25
open data,psychology,25
documentation,interoperability,25
alternative medicine,protocol (science),25
internal medicine,pathology,25
distributed computing,resource (disambiguation),24
knowledge management,resource (disambiguation),24
information retrieval,software engineering,24
astronomy,physics,24
e-science,software engineering,24
engineering ethics,work (physics),24
process (computing),work (physics),24
political science,project management,24
information retrieval,ontology,24
ontology,world wide web,24
computer security,process management,24
engineering management,project management triangle,24
computer science,exploit,24
knowledge management,value (mathematics),24
mathematics,software,24
computer science,focus (optics),24
algorithm,workflow,24
data mining,distributed computing,24
data science,scope (computer science),24
operating system,supercomputer,24
database,executable,24
digital curation,world wide web,24
originality,political science,24
corporate governance,political science,24
business,resource (disambiguation),24
computer science,digital library,24
computer science,open source software,24
open source,software engineering,24
modular design,software engineering,24
chemistry,data science,24
standardization,world wide web,24
database,flexibility (engineering),24
context (archaeology),engineering ethics,24
context (archaeology),data mining,24
data management,variety (cybernetics),24
data science,pathology,24
computational science,programming language,24
artificial intelligence,python (programming language),24
python (programming language),scripting language,24
cloud computing,provisioning,24
provisioning,workflow,24
artificial intelligence,source code,24
business,environmental planning,24
identifier,metadata,24
mathematical optimization,operating system,24
database,public relations,24
data collection,engineering,24
environmental planning,environmental resource management,24
artificial intelligence,pipeline (software),24
field (mathematics),software,24
engineering,scholarly communication,24
usability,workflow,24
data sharing,transparency (behavior),24
data curation,data mining,24
raw data,world wide web,24
open innovation,open science,24
bioinformatics,genetics,24
library science,research data,24
data quality,quality (philosophy),24
biodiversity,biology,24
data science,source code,24
documentation,source code,24
computer science,image (mathematics),24
intensive care medicine,medicine,24
computer science,materials science,24
grid computing,world wide web,23
process (computing),workflow management system,23
business,mathematics,23
mathematics,sociology,23
grid computing,software engineering,23
metadata,service (business),23
disease,internal medicine,23
field (mathematics),political science,23
database,transparency (behavior),23
engineering,program management,23
engineering management,program management,23
programming language,systems engineering,23
business,project management triangle,23
project management triangle,systems engineering,23
database,middleware (distributed applications),23
middleware (distributed applications),workflow,23
business,internet privacy,23
operations management,quality (philosophy),23
database,supercomputer,23
executable,workflow,23
metadata,process (computing),23
political science,public health,23
data curation,digital curation,23
engineering,qualitative research,23
process (computing),set (abstract data type),23
interoperability,operating system,23
information system,political science,23
computer science,public administration,23
documentation,knowledge management,23
computer science,embedded system,23
engineering ethics,law,23
open source,open source software,23
library science,workflow,23
medicine,quality (philosophy),23
context (archaeology),service (business),23
database,remote sensing,23
human–computer interaction,usability,23
cloud computing,software deployment,23
data science,software deployment,23
artificial intelligence,field (mathematics),23
data science,informatics,23
engineering,informatics,23
scale (ratio),workflow,23
scalability,workflow management system,23
chemistry,chromatography,23
incentive,political science,23
database,provisioning,23
operating system,provisioning,23
machine learning,programming language,23
geography,open data,23
computer science,european union,23
computer science,environmental planning,23
health care,knowledge management,23
usable,world wide web,23
upload,world wide web,23
data sharing,publishing,23
citation,data science,23
interface (matter),programming language,23
reuse,software,23
computer security,medicine,23
data quality,workflow,23
computer security,open data,23
business,reuse,23
data curation,reuse,23
computer science,internal medicine,23
biology,pipeline (software),23
geography,mathematics,23
data curation,medicine,23
data sharing,research data,23
open data,openness to experience,23
open innovation,political science,23
political science,stewardship (theology),23
data mining,documentation,23
data quality,metadata,23
medicine,transparency (behavior),23
pipeline (software),software,23
open data,reuse,23
computer science,stakeholder,23
artificial intelligence,computer vision,23
artificial intelligence,pattern recognition (psychology),23
computer science,pattern recognition (psychology),23
medicine,meta-analysis,23
cochrane library,medicine,23
computer science,xpdl,22
database,xpdl,22
workflow,xpdl,22
workflow engine,xpdl,22
workflow management system,xpdl,22
workflow technology,xpdl,22
distributed computing,parallel computing,22
geology,provenance,22
computer network,scheduling (production processes),22
operating system,resource (disambiguation),22
systems engineering,workflow technology,22
knowledge management,mathematics,22
artificial intelligence,task (project management),22
context (archaeology),psychology,22
dissemination,world wide web,22
computer security,process (computing),22
computer science,program management,22
knowledge management,opm3,22
opm3,systems engineering,22
engineering,mechanical engineering,22
engineering,scope (computer science),22
quality (philosophy),software,22
computer science,medical physics,22
data collection,workflow,22
algorithm,database,22
data mining,pipeline (software),22
process (computing),project management,22
data science,digital curation,22
data science,qualitative research,22
business,information system,22
data integration,workflow,22
data integration,world wide web,22
epistemology,sociology,22
accounting,business,22
software,suite,22
law,psychology,22
discipline,social science,22
modular design,programming language,22
architecture,engineering,22
opm3,project management triangle,22
infectious disease (medical specialty),medicine,22
engineering,health care,22
interoperability,medicine,22
management,world wide web,22
data science,perspective (graphical),22
data management plan,plan (archaeology),22
management,process management,22
environmental science,political science,22
library science,service (business),22
raw data,workflow,22
algorithm,artificial intelligence,22
engineering,sustainability,22
field (mathematics),software engineering,22
reusability,software engineering,22
process (computing),psychology,22
computer science,virtual machine,22
virtual machine,workflow,22
open science,publication,22
geography,regional science,22
plan (archaeology),world wide web,22
coding (social sciences),computer science,22
government (linguistics),political science,22
cartography,scale (ratio),22
documentation,process (computing),22
artificial intelligence,documentation,22
human–computer interaction,programming language,22
data curation,service (business),22
data management,key (lock),22
process (computing),public relations,22
data management,engineering ethics,22
business,data governance,22
best practice,business,22
interoperability,semantic web,22
data mining,source code,22
open science,statistics,22
data sharing,documentation,22
openness to experience,world wide web,22
health care,nursing,22
data science,reproducibility,22
process management,rdm,22
history,political science,22
computer science,social psychology,22
law,politics,22
politics,sociology,22
best practice,data sharing,22
political science,stakeholder,22
artificial intelligence,image (mathematics),22
nursing,psychology,22
public relations,transparency (behavior),22
best practice,open data,22
medicine,pharmacology,22
deep learning,machine learning,22
biology,internal medicine,22
medline,nursing,22
internal medicine,medline,22
medline,protocol (science),22
metadata,semantic web,21
context (archaeology),programming language,21
software engineering,xpdl,21
database,parallel computing,21
scheduling (production processes),workflow engine,21
task (project management),workflow management system,21
business,government (linguistics),21
artificial intelligence,context (archaeology),21
artificial intelligence,systems engineering,21
discipline,knowledge management,21
dissemination,political science,21
operating system,service (business),21
management science,systems engineering,21
architecture,workflow,21
computer science,operations research,21
political science,scope (computer science),21
operations management,project management,21
automation,data science,21
software,variety (cybernetics),21
software engineering,variety (cybernetics),21
computer science,schedule,21
software,software construction,21
domain (mathematical analysis),workflow management system,21
scope (computer science),workflow,21
graphical user interface,software,21
supercomputer,workflow,21
computer science,public health,21
sociology,value (mathematics),21
china,political science,21
data science,information system,21
information system,world wide web,21
openness to experience,public relations,21
public administration,sociology,21
engineering management,sociology,21
digital library,world wide web,21
suite,world wide web,21
disease,pathology,21
medicine,work (physics),21
engineering management,interoperability,21
geography,interoperability,21
biology,chemistry,21
biology,evolutionary biology,21
data curation,engineering management,21
computer science,state (computer science),21
biology,information retrieval,21
computer data storage,computer science,21
alternative medicine,data science,21
key (lock),political science,21
business,incentive,21
artificial intelligence,visualization,21
computer science,politics,21
cloud computing,virtual machine,21
operating system,virtual machine,21
data management,information retrieval,21
political science,regional science,21
publication,publishing,21
identifier,workflow,21
archaeology,data science,21
computer science,institution,21
citizen science,engineering,21
data governance,data science,21
data governance,knowledge management,21
linked data,semantic web,21
artificial intelligence,bioinformatics,21
protocol (science),workflow,21
rdm,workflow,21
data sharing,service (business),21
mathematics,reproducibility,21
best practice,medicine,21
public relations,stakeholder,21
genome,genomics,21
computer science,empirical research,21
cancer,medicine,21
biology,physics,21
computer science,coronavirus disease 2019 (covid-19),21
process (computing),workflow technology,20
parallel computing,workflow,20
database,graph,20
operating system,task (project management),20
systems engineering,workflow engine,20
engineering ethics,geography,20
data science,grid computing,20
geography,social science,20
gateway (web page),operating system,20
geography,physics,20
data science,discipline,20
data science,telecommunications,20
management science,project management,20
opm3,program management,20
computer science,point (geometry),20
grid,workflow management system,20
process management,work (physics),20
knowledge management,multidisciplinary approach,20
multidisciplinary approach,political science,20
software engineering,visualization,20
knowledge management,project management triangle,20
computer science,software construction,20
computer science,digital preservation,20
digital preservation,world wide web,20
internet privacy,political science,20
process management,quality (philosophy),20
medicine,radiology,20
business,publication,20
geology,remote sensing,20
linguistics,philosophy,20
management science,sociology,20
big data,scalability,20
computer science,science policy,20
corporate governance,knowledge management,20
knowledge management,openness to experience,20
openness to experience,sociology,20
artificial intelligence,management science,20
context (archaeology),library science,20
public relations,workflow,20
engineering management,library science,20
metadata,metadata management,20
data science,epistemology,20
bioinformatics,world wide web,20
e-science,engineering,20
business,open innovation,20
leverage (statistics),world wide web,20
data science,flexibility (engineering),20
flexibility (engineering),workflow,20
scope (computer science),world wide web,20
library science,management,20
cluster analysis,computer science,20
data science,reusability,20
database,reusability,20
reusability,workflow,20
operating system,pipeline (software),20
chromatography,computer science,20
business,plan (archaeology),20
computer science,r package,20
computer science,taxonomy (biology),20
ecology,software,20
engineering,software deployment,20
software deployment,world wide web,20
archaeology,database,20
cloud computing,data sharing,20
data sharing,process (computing),20
big data,business,20
context (archaeology),reuse,20
data management,publishing,20
metadata,rdm,20
discipline,engineering,20
computer security,data sharing,20
computer security,data management,20
data quality,service (business),20
context (archaeology),publishing,20
engineering ethics,open data,20
computer science,linked data,20
linked data,world wide web,20
software construction,software development,20
computer science,subject (documents),20
data collection,political science,20
artificial intelligence,genetics,20
environmental science,remote sensing,20
metadata,metadata repository,20
stewardship (theology),world wide web,20
bioinformatics,gene,20
political science,sustainability,20
psychology,software,20
computer security,public relations,20
best practice,transparency (behavior),20
python (programming language),source code,20
citizen science,public relations,20
best practice,database,20
political science,social psychology,20
biology,genomics,20
computer science,genomics,20
ecology,ecosystem,20
best practice,work (physics),20
key (lock),software,20
cancer,internal medicine,20
genetics,medicine,20
medicine,psychiatry,20
coronavirus disease 2019 (covid-19),political science,20
data science,web service,19
graph,workflow,19
data element,metadata,19
china,computer science,19
data science,dissemination,19
field (mathematics),knowledge management,19
process (computing),service (business),19
business,opm3,19
architecture,data science,19
control (management),engineering,19
engineering,telecommunications,19
data management,systems engineering,19
cloud computing,grid,19
engineering,value (mathematics),19
database,scope (computer science),19
graphical user interface,operating system,19
business,data collection,19
middleware (distributed applications),world wide web,19
job shop scheduling,workflow,19
mathematical optimization,mathematics,19
distributed computing,supercomputer,19
computer science,object (grammar),19
digital curation,knowledge management,19
data science,genetics,19
engineering,environmental resource management,19
economics,open science,19
epistemology,political science,19
public administration,science policy,19
engineering management,psychology,19
computer security,interoperability,19
pathology,political science,19
medical emergency,medicine,19
remote sensing,workflow,19
data science,leverage (statistics),19
domain (mathematical analysis),software,19
economic growth,political science,19
health informatics,informatics,19
computer data storage,database,19
computer data storage,information repository,19
computer science,information repository,19
data management,digital curation,19
identification (biology),workflow,19
data science,neuroscience,19
medicine,process management,19
suite,workflow,19
computer science,software portability,19
data mining,scripting language,19
political science,promotion (chess),19
cloud computing,resource (disambiguation),19
distributed computing,provisioning,19
database,virtual machine,19
data integration,metadata,19
computer science,regional science,19
environmental science,meteorology,19
leverage (statistics),workflow,19
open data,scholarly communication,19
institution,political science,19
process management,service (business),19
computer science,user interface,19
digitization,world wide web,19
engineering management,rdm,19
data science,multidisciplinary approach,19
context (archaeology),work (physics),19
data quality,political science,19
knowledge management,variety (cybernetics),19
computational biology,pipeline (software),19
scholarly communication,service (business),19
library science,work (physics),19
artificial intelligence,chemistry,19
computer science,metadata repository,19
metadata repository,world wide web,19
data science,stewardship (theology),19
medicine,virology,19
medical education,world wide web,19
open data,research data,19
computer science,implementation,19
pipeline (software),world wide web,19
economics,law,19
biodiversity,data science,19
medicine,pedagogy,19
analytics,big data,19
data access,data sharing,19
media studies,sociology,19
engineering,pipeline (software),19
computer security,internet privacy,19
business,health care,19
database,physics,19
data science,economics,19
computer science,systematic review,19
open source,python (programming language),19
knowledge management,stakeholder,19
data mining,statistics,19
medline,meta-analysis,19
alternative medicine,systematic review,19
alternative medicine,internal medicine,19
cochrane library,medline,19
coronavirus disease 2019 (covid-19),infectious disease (medical specialty),19
medline,psychological intervention,19
knowledge management,order (exchange),18
computer science,data element,18
data element,world wide web,18
knowledge management,management system,18
business,key (lock),18
geography,service (business),18
management system,systems engineering,18
computer science,server,18
astronomy,computer science,18
political science,telecommunications,18
knowledge management,program management,18
program management,systems engineering,18
computer science,mechanical engineering,18
engineering,operations research,18
knowledge management,scope (computer science),18
presentation (obstetrics),world wide web,18
metadata,variety (cybernetics),18
control (management),software engineering,18
process management,project management triangle,18
operations management,process (computing),18
quality (philosophy),software engineering,18
mathematics,operating system,18
computer science,job shop scheduling,18
database,job shop scheduling,18
job shop scheduling,scheduling (production processes),18
pipeline (software),software engineering,18
engineering ethics,process (computing),18
engineering ethics,workflow,18
originality,social science,18
computer science,consistency (knowledge bases),18
humanities,library science,18
architecture,world wide web,18
engineering,standardization,18
epistemology,psychology,18
management,psychology,18
open science,science policy,18
artificial intelligence,business,18
key (lock),software engineering,18
software,usability,18
computer science,economic growth,18
geology,oceanography,18
data mining,interoperability,18
disease,infectious disease (medical specialty),18
health care,world wide web,18
bioinformatics,software,18
data curation,process management,18
data management plan,engineering management,18
economics,marketing,18
management,marketing,18
artificial intelligence,cluster analysis,18
open science,quality (philosophy),18
data science,health informatics,18
health care,health informatics,18
data science,data visualization,18
chemistry,data mining,18
cartography,workflow,18
artificial intelligence,geography,18
engineering,variety (cybernetics),18
data science,suite,18
data curation,open science,18
incentive,open science,18
operating system,physics,18
biology,knowledge management,18
code (set theory),world wide web,18
business,regional science,18
computer science,social media,18
social media,world wide web,18
database,genome,18
engineering management,research data,18
database,environmental science,18
database,standardization,18
documentation,software development,18
multimedia,world wide web,18
data science,internet privacy,18
data sharing,scholarly communication,18
computer science,reliability (semiconductor),18
graphical user interface,world wide web,18
database,upload,18
context (archaeology),field (mathematics),18
data management,scholarly communication,18
publishing,work (physics),18
big data,knowledge management,18
higher education,political science,18
engineering,open source,18
data science,gateway (web page),18
marketing,rdm,18
data science,linked data,18
modular design,software,18
citizen science,open data,18
data science,protocol (science),18
business,telecommunications,18
business,open research,18
data science,openness to experience,18
medicine,open data,18
medicine,rdm,18
medical education,pedagogy,18
media studies,political science,18
reproducibility,statistics,18
medline,scopus,18
medicine,surgery,18
cloud computing,open data,18
biology,statistics,18
programming language,toolbox,18
coronavirus disease 2019 (covid-19),severe acute respiratory syndrome coronavirus 2 (sars-cov-2),18
biology,machine learning,18
cyberinfrastructure,metadata,17
process (computing),workflow engine,17
windows workflow foundation,xpdl,17
geology,world wide web,17
data element,database,17
engineering management,plan (archaeology),17
computer network,world wide web,17
database,telecommunications,17
business,scope (computer science),17
data science,presentation (obstetrics),17
engineering,presentation (obstetrics),17
windows workflow foundation,world wide web,17
cloud computing,e-science,17
exploit,workflow,17
middleware (distributed applications),operating system,17
software engineering,task (project management),17
software construction,software engineering,17
key (lock),metadata,17
reuse,work (physics),17
agile software development,computer science,17
data collection,data curation,17
algorithm,distributed computing,17
distributed computing,job shop scheduling,17
data mining,domain (mathematical analysis),17
overhead (engineering),workflow,17
context (archaeology),engineering management,17
executable,programming language,17
digital curation,political science,17
database,protocol (science),17
data mining,genetics,17
art,library science,17
epistemology,knowledge management,17
embedded system,operating system,17
service (business),software,17
software engineering,usability,17
accounting,computer science,17
archaeology,world wide web,17
computer science,robustness (evolution),17
knowledge management,the internet,17
data mining,provenance,17
data management,distributed computing,17
geospatial analysis,remote sensing,17
remote sensing,world wide web,17
biology,open source,17
engineering management,operating system,17
engineering,resource (disambiguation),17
perspective (graphical),sociology,17
programming language,theoretical computer science,17
software engineering,work (physics),17
operating system,process management,17
library science,marketing,17
domain (mathematical analysis),process (computing),17
algorithm,data mining,17
data mining,field (mathematics),17
e-science,knowledge management,17
engineering management,open science,17
engineering,order (exchange),17
biology,pathology,17
database,informatics,17
engineering,health informatics,17
key (lock),open science,17
data visualization,database,17
data visualization,workflow,17
artificial intelligence,scheduling (production processes),17
scalability,workflow engine,17
scalability,workflow technology,17
software,work (physics),17
flexibility (engineering),world wide web,17
database,information repository,17
management science,medicine,17
knowledge management,sustainability,17
medicine,process (computing),17
database,suite,17
health informatics,medicine,17
computer science,terminology,17
biology,identification (biology),17
software portability,workflow,17
data curation,social science,17
politics,public relations,17
data science,taxonomy (biology),17
operating system,source code,17
ecology,open science,17
genome,workflow,17
data science,management,17
reusability,world wide web,17
engineering,perspective (graphical),17
research data,service (business),17
cloud computing,process (computing),17
user interface,workflow,17
biology,metagenomics,17
cloud computing,task (project management),17
library science,open data,17
data curation,data quality,17
computer science,feature (linguistics),17
biology,neuroscience,17
computer science,discoverability,17
discoverability,world wide web,17
marketing,publishing,17
engineering ethics,mathematics,17
digital library,political science,17
documentation,information retrieval,17
application programming interface,computer science,17
political science,presentation (obstetrics),17
psychology,publishing,17
computer science,space (punctuation),17
qualitative research,thematic analysis,17
data access,data management,17
computer science,digital humanities,17
open science,service (business),17
computer science,general partnership,17
general partnership,political science,17
open data,service (business),17
data collection,social science,17
library science,medical education,17
environmental planning,political science,17
nursing,psychological intervention,17
medicine,publishing,17
data science,medline,17
data sharing,key (lock),17
data management plan,reuse,17
philosophy,sociology,17
open peer review,plant biology,17
open science,programming language,17
interoperability,standardization,17
biology,ecosystem,17
interoperability,publishing,17
computer science,mit license,17
interoperability,transparency (behavior),17
artificial intelligence,segmentation,17
computer science,segmentation,17
medicine,physical therapy,17
genetics,programming language,17
internal medicine,meta-analysis,17
cochrane library,internal medicine,17
cochrane library,meta-analysis,17
pandemic,political science,17
coronavirus disease 2019 (covid-19),disease,17
infectious disease (medical specialty),pandemic,17
artificial intelligence,artificial neural network,17
artificial neural network,computer science,17
artificial intelligence,ecology,17
2019-20 coronavirus outbreak,coronavirus disease 2019 (covid-19),17
2019-20 coronavirus outbreak,severe acute respiratory syndrome coronavirus 2 (sars-cov-2),17
coronavirus disease 2019 (covid-19),virology,17
medicine,severe acute respiratory syndrome coronavirus 2 (sars-cov-2),17
component (thermodynamics),workflow,16
service (business),software engineering,16
database,management system,16
geography,psychology,16
field (mathematics),process (computing),16
component (thermodynamics),software engineering,16
grid,workflow technology,16
metadata,ontology,16
ontology,semantic web,16
engineering,grid,16
interoperability,semantic interoperability,16
database,exploit,16
distributed computing,middleware (distributed applications),16
operating system,parallel computing,16
software,the internet,16
domain (mathematical analysis),workflow engine,16
scheduling (production processes),software engineering,16
medicine,software,16
data curation,process (computing),16
database,publication,16
geology,physics,16
algorithm,mathematical optimization,16
context (archaeology),process management,16
geography,marketing,16
marketing,process (computing),16
management science,workflow,16
political science,set (abstract data type),16
consistency (knowledge bases),workflow,16
data access,workflow,16
engineering ethics,epistemology,16
business,pedagogy,16
flexibility (engineering),software engineering,16
computer science,license,16
business,economic growth,16
public relations,value (mathematics),16
originality,world wide web,16
engineering,flexibility (engineering),16
plan (archaeology),process management,16
management science,world wide web,16
e-science,open science,16
open science,operating system,16
earth science,geology,16
database,health care,16
medicine,operations management,16
computer science,metadata management,16
data management,metadata management,16
operating system,set (abstract data type),16
cyberinfrastructure,geospatial analysis,16
context (archaeology),data curation,16
data mining,process management,16
political science,state (computer science),16
computer science,traceability,16
software,workflow technology,16
citizen science,workflow,16
operating system,scripting language,16
data as a service,service (business),16
service (business),work (physics),16
computer data storage,data management,16
computer data storage,data science,16
computer data storage,world wide web,16
data management,information repository,16
medicine,neuroscience,16
economics,incentive,16
cartography,database,16
data management,field (mathematics),16
data sharing,process management,16
computational science,software,16
computer science,proteomics,16
artificial intelligence,domain (mathematical analysis),16
cloud computing,systems engineering,16
code (set theory),set (abstract data type),16
biology,context (archaeology),16
process management,risk analysis (engineering),16
process management,sociology,16
geography,software engineering,16
analytics,data mining,16
government (linguistics),public relations,16
alternative medicine,engineering,16
alternative medicine,medical education,16
environmental science,workflow,16
operating system,visualization,16
identifier,information retrieval,16
computer science,credibility,16
public relations,publication,16
graphical user interface,software engineering,16
data collection,data sharing,16
big data,data sharing,16
big data,political science,16
process (computing),reuse,16
clinical trial,computer science,16
software,transparency (behavior),16
political science,resource (disambiguation),16
cloud computing,job shop scheduling,16
biology,microbiome,16
engineering ethics,open research,16
software,software versioning,16
psychology,statistics,16
scholarship,sociology,16
machine learning,software engineering,16
computer science,training (meteorology),16
internet privacy,public relations,16
citizen science,engineering ethics,16
modular design,operating system,16
data curation,library science,16
computer science,qualitative property,16
interoperability,scalability,16
biodiversity,environmental resource management,16
medical education,social science,16
devops,software deployment,16
business,nursing,16
law,social science,16
data governance,data sharing,16
computer science,container (type theory),16
embedded system,workflow,16
open data,open source,16
biology,documentation,16
documentation,reuse,16
mathematics,physics,16
medicine,metadata,16
toolbox,workflow,16
engineering,stakeholder,16
best practice,public relations,16
engineering ethics,medical education,16
key (lock),open research,16
physics,workflow,16
pedagogy,public relations,16
computer science,scopus,16
economics,social science,16
art,sociology,16
preprint,world wide web,16
mit license,software,16
field (mathematics),open science,16
engineering ethics,transparency (behavior),16
ecology,interoperability,16
open data,process (computing),16
machine learning,medicine,16
alternative medicine,nursing,16
2019-20 coronavirus outbreak,medicine,16
health care,medline,16
component (thermodynamics),database,15
service (business),web service,15
scheduling (production processes),task (project management),15
computer science,data discovery,15
data discovery,data science,15
data discovery,metadata,15
data discovery,world wide web,15
software engineering,web service,15
business,china,15
information retrieval,process (computing),15
dissemination,knowledge management,15
telecommunications,workflow,15
distributed computing,process (computing),15
process (computing),transparency (behavior),15
project management,quality (philosophy),15
e-science,workflow management system,15
agriculture,geography,15
intellectual property,political science,15
computer science,rdf,15
rdf,semantic web,15
computer science,workbench,15
e-science,operating system,15
engineering management,information system,15
medicine,translational research,15
automation,software,15
domain (mathematical analysis),workflow technology,15
agile software development,software engineering,15
computer science,intellectual property,15
open source,political science,15
operations management,workflow,15
medical physics,radiology,15
database,focus (optics),15
focus (optics),workflow,15
publication,workflow,15
computer science,overhead (engineering),15
data science,supercomputer,15
database,overhead (engineering),15
data science,originality,15
biology,genotype,15
data mining,grid,15
data science,relevance (law),15
genetics,genotype,15
relevance (law),world wide web,15
economics,psychology,15
public relations,science policy,15
artificial intelligence,quality (philosophy),15
management system,process management,15
flexibility (engineering),software,15
economics,engineering management,15
qualitative research,world wide web,15
cognitive science,psychology,15
computer science,oceanography,15
big data,distributed computing,15
computer science,earth science,15
provenance,software engineering,15
data sharing,geography,15
database,metadata management,15
cyberinfrastructure,geography,15
chemistry,world wide web,15
database,the internet,15
citizen science,sociology,15
knowledge management,perspective (graphical),15
open innovation,world wide web,15
data management plan,process management,15
audit,computer science,15
engineering,visualization,15
business,medical education,15
benchmark (surveying),workflow,15
field (mathematics),mathematics,15
library science,medline,15
health care,workflow,15
computer science,data processing,15
data processing,database,15
biology,metadata,15
metadata management,world wide web,15
history,sociology,15
computer science,sample (material),15
data science,information repository,15
information repository,world wide web,15
incentive,knowledge management,15
cyberinfrastructure,data mining,15
domain (mathematical analysis),knowledge management,15
data curation,engineering ethics,15
data science,incentive,15
incentive,public relations,15
information retrieval,task (project management),15
scholarship,world wide web,15
computer science,outreach,15
data science,operations management,15
database,taxonomy (biology),15
open data,publication,15
political science,scale (ratio),15
coding (social sciences),data science,15
data mining,service (business),15
cloud computing,cyberinfrastructure,15
library science,publication,15
database,environmental resource management,15
biology,visualization,15
artificial intelligence,perspective (graphical),15
data science,law,15
key (lock),process (computing),15
information retrieval,knowledge management,15
data curation,geography,15
graphical user interface,interface (matter),15
algorithm,machine learning,15
database,user interface,15
computer science,metagenomics,15
chemistry,mathematics,15
cloud computing,programming language,15
discipline,engineering ethics,15
discipline,public relations,15
data quality,medicine,15
human–computer interaction,operating system,15
engineering,government (linguistics),15
research data,reuse,15
data sharing,open research,15
publishing,social science,15
data curation,marketing,15
marketing,research data,15
data governance,engineering,15
data management plan,service (business),15
control (management),software,15
artificial intelligence,metadata,15
gene,pipeline (software),15
genetics,pipeline (software),15
computational science,python (programming language),15
metadata,transparency (behavior),15
humanities,sociology,15
database,metadata repository,15
business,value (mathematics),15
big data,metadata,15
business,openness to experience,15
business,qualitative research,15
knowledge management,stewardship (theology),15
bridging (networking),computer science,15
database,marketing,15
biodiversity,database,15
environmental science,world wide web,15
algorithm,cloud computing,15
analytics,cloud computing,15
database,linked data,15
computer security,law,15
data access,open data,15
data management,open science,15
best practice,reuse,15
environmental health,population,15
database,embedded system,15
pipeline (software),pipeline transport,15
graphical user interface,python (programming language),15
process management,public relations,15
interoperability,rdm,15
interoperability,process management,15
publishing,transparency (behavior),15
biology,open peer review,15
biology,plant biology,15
political science,scopus,15
statistics,world wide web,15
biology,python (programming language),15
computer science,ecosystem,15
computer science,preprocessor,15
computer science,preprint,15
business,stakeholder,15
artificial intelligence,physics,15
chemistry,physics,15
biodiversity,workflow,15
pathology,protocol (science),15
medical physics,pathology,15
computational biology,genomics,15
gene,medicine,15
genetics,genomics,15
medical education,qualitative research,15
engineering ethics,pedagogy,15
computer science,pandemic,15
disease,pandemic,15
grey literature,medline,15
cyberinfrastructure,operating system,14
knowledge management,workflow management system,14
computer science,paleontology,14
artificial intelligence,workflow technology,14
computer network,workflow management system,14
government (linguistics),knowledge management,14
computer security,distributed computing,14
control (management),database,14
control (management),workflow,14
computer security,engineering management,14
engineering,function (biology),14
engineering management,key (lock),14
pedagogy,social science,14
computer science,schema (genetic algorithms),14
operating system,server,14
computation,computer science,14
database,dissemination,14
business,program management,14
quality (philosophy),systems engineering,14
distributed computing,e-science,14
e-science,workflow technology,14
geography,work (physics),14
database,rdf,14
information retrieval,rdf,14
mathematics,process (computing),14
context (archaeology),information retrieval,14
e-science,metadata,14
grid,software,14
computer science,translational research,14
meta data services,metadata,14
distributed computing,software deployment,14
computer science,replication (statistics),14
key (lock),presentation (obstetrics),14
metadata,work (physics),14
computer science,quality assurance,14
software development,systems engineering,14
medicine,operating system,14
artificial intelligence,scripting language,14
data science,focus (optics),14
data curation,work (physics),14
job shop scheduling,mathematical optimization,14
cloud computing,grid computing,14
executable,software engineering,14
interoperability,work (physics),14
computer science,construct (python library),14
qualitative research,value (mathematics),14
corporate governance,engineering,14
corporate governance,public relations,14
corporate governance,sociology,14
open science,public administration,14
artificial intelligence,engineering management,14
artificial intelligence,process management,14
license,world wide web,14
higher education,sociology,14
political science,the internet,14
data mining,workflow technology,14
archaeology,context (archaeology),14
climate change,computer science,14
big data,open science,14
cyberinfrastructure,e-science,14
artificial intelligence,political science,14
engineering management,public relations,14
context (archaeology),operating system,14
context (archaeology),set (abstract data type),14
computer science,semantics (computer science),14
programming language,provenance,14
software,workflow engine,14
citizen science,knowledge management,14
computer science,exploratory research,14
computer security,programming language,14
cartography,geospatial analysis,14
engineering,human–computer interaction,14
economics,process management,14
economics,project management,14
data science,theoretical computer science,14
rdf,world wide web,14
public relations,scholarship,14
biology,medline,14
engineering,reusability,14
informatics,workflow,14
open science,software engineering,14
fault tolerance,workflow,14
biology,interoperability,14
agile software development,software,14
bioinformatics,programming language,14
knowledge management,software development,14
business,documentation,14
data science,identification (biology),14
engineering,incentive,14
medicine,service (business),14
artificial intelligence,geology,14
medicine,software engineering,14
data science,terminology,14
artificial intelligence,linguistics,14
marketing,medicine,14
cloud computing,physics,14
distributed computing,virtual machine,14
adaptation (eye),computer science,14
cloud computing,quality of service,14
biology,open data,14
geography,information retrieval,14
coding (social sciences),software,14
standardization,workflow,14
software development,software development process,14
software engineering,usable,14
annotation,workflow,14
task (project management),world wide web,14
law,open data,14
law,scholarly communication,14
data management plan,public relations,14
engineering,machine learning,14
computational biology,metagenomics,14
european union,open science,14
programming language,scalability,14
data management plan,open data,14
data curation,publishing,14
modular design,world wide web,14
data management,discipline,14
data mining,scale (ratio),14
data management,resource (disambiguation),14
computer security,publishing,14
data sharing,social science,14
open data,social science,14
data governance,political science,14
data quality,marketing,14
finance,political science,14
artificial intelligence,feature (linguistics),14
process (computing),rdm,14
artificial intelligence,gene,14
data mining,gene,14
library science,mathematics,14
data science,digital library,14
digital scholarship,scholarship,14
information retrieval,metadata repository,14
information retrieval,operating system,14
metadata,python (programming language),14
application programming interface,database,14
application programming interface,world wide web,14
computer science,environmental health,14
ecology,medicine,14
medicine,research data,14
data management,presentation (obstetrics),14
best practice,software,14
implementation,software engineering,14
reproducibility,workflow,14
marketing,social science,14
political science,space (punctuation),14
sociology,thematic analysis,14
data science,usable,14
modular design,python (programming language),14
biology,gene expression,14
gene,gene expression,14
open science,sociology of scientific knowledge,14
physics,programming language,14
knowledge management,qualitative property,14
computer science,german,14
data science,digitization,14
metadata,sociology,14
equity (law),political science,14
biodiversity,geography,14
geography,training (meteorology),14
python (programming language),visualization,14
interoperability,python (programming language),14
engineering,nursing,14
documentation,scripting language,14
curriculum,pedagogy,14
chemistry,medicine,14
chemistry,reproducibility,14
medicine,reproducibility,14
open source,source code,14
documentation,transparency (behavior),14
law,management,14
art,world wide web,14
data mining,graphical user interface,14
best practice,psychology,14
data science,medical education,14
data management plan,medicine,14
biology,botany,14
reusability,reuse,14
mathematics,open data,14
open data,work (physics),14
intensive care medicine,internal medicine,14
political science,systematic review,14
ecosystem,environmental science,14
data science,gene,14
law,transparency (behavior),14
biodiversity,world wide web,14
code (set theory),reusability,14
econometrics,mathematics,14
artificial intelligence,scalability,14
gene,genomics,14
machine learning,statistics,14
gene,programming language,14
medicine,randomized controlled trial,14
database,open research,14
medicine,oncology,14
medline,public health,14
meta-analysis,pathology,14
artificial neural network,machine learning,14
2019-20 coronavirus outbreak,virology,14
severe acute respiratory syndrome coronavirus 2 (sars-cov-2),virology,14
biology,disease,14
cinahl,medicine,14
cinahl,medline,14
geology,paleontology,13
business,management system,13
management science,quality (philosophy),13
architecture,software engineering,13
grid,workflow engine,13
grid computing,workflow management system,13
data management,project management,13
management system,project management,13
computer security,metadata,13
database,workbench,13
scripting language,workflow management system,13
workbench,workflow,13
database,presentation (obstetrics),13
presentation (obstetrics),workflow,13
operating system,variety (cybernetics),13
computer science,meta data services,13
computer science,semantic interoperability,13
meta data services,world wide web,13
semantic interoperability,world wide web,13
control (management),programming language,13
data science,value (mathematics),13
database,digital preservation,13
digital preservation,metadata,13
business,open source,13
knowledge management,open source,13
process (computing),software development,13
architecture,systems engineering,13
domain (mathematical analysis),programming language,13
geography,process (computing),13
opm3,process management,13
data science,executable,13
executable,world wide web,13
database,object (grammar),13
engineering,originality,13
originality,value (mathematics),13
business,scale (ratio),13
electrical engineering,engineering,13
mathematics,philosophy,13
economics,public administration,13
flexibility (engineering),operating system,13
library science,metadata,13
computer science,higher education,13
computer science,production (economics),13
economics,production (economics),13
open source software,world wide web,13
schedule,workflow,13
the internet,workflow,13
cognitive science,computer science,13
data mining,workflow engine,13
archaeology,political science,13
data science,modular design,13
architecture,metadata,13
scale (ratio),software,13
computer science,pace,13
marketing,work (physics),13
computer science,selection (genetic algorithm),13
data management,programming language,13
geospatial analysis,metadata,13
data science,philosophy,13
cheminformatics,computer science,13
business,citizen science,13
data science,exploit,13
cartography,world wide web,13
information retrieval,theoretical computer science,13
software engineering,traceability,13
interoperability,ontology,13
data science,metadata management,13
engineering management,software development,13
computer science,data as a service,13
computer science,real-time computing,13
architecture,geography,13
database,digital curation,13
database,identification (biology),13
artificial intelligence,remote sensing,13
data integration,data mining,13
data mining,variety (cybernetics),13
engineering,geology,13
engineering,remote sensing,13
field (mathematics),geography,13
computer science,web application,13
web application,world wide web,13
database,software portability,13
software engineering,software portability,13
bioconductor,computer science,13
computer science,neuroimaging,13
computer science,neuroinformatics,13
data science,neuroinformatics,13
computer science,productivity,13
data mining,task (project management),13
engineering,information retrieval,13
computer science,promotion (chess),13
competence (human resources),computer science,13
cluster analysis,database,13
cluster analysis,workflow,13
ecology,taxonomy (biology),13
taxonomy (biology),workflow,13
taxonomy (biology),world wide web,13
computer network,provisioning,13
operating system,software portability,13
automation,software deployment,13
european commission,european union,13
political science,relevance (law),13
data science,social media,13
biology,cloud computing,13
data management,raw data,13
european union,world wide web,13
scalability,systems engineering,13
artificial intelligence,computer graphics (images),13
computer graphics (images),programming language,13
law,public administration,13
alternative medicine,knowledge management,13
computer science,drug discovery,13
software,software development process,13
software,usable,13
law,publication,13
institution,world wide web,13
rdm,work (physics),13
order (exchange),political science,13
data curation,scholarly communication,13
cloud computing,geography,13
computer network,mathematical optimization,13
computer science,session (web analytics),13
session (web analytics),world wide web,13
application lifecycle management,computer science,13
computer science,electronic data capture,13
data management plan,sociology,13
biology,engineering ethics,13
cyberinfrastructure,gateway (web page),13
bioinformatics,microbiome,13
computer science,microbiome,13
economics,finance,13
data mining,political science,13
engineering ethics,publishing,13
perspective (graphical),political science,13
scholarly communication,social science,13
corporate governance,data governance,13
data science,risk analysis (engineering),13
information retrieval,linked data,13
data mining,identification (biology),13
process (computing),publishing,13
health care,psychology,13
political science,subject (documents),13
computer science,software versioning,13
marketing,scholarly communication,13
digital humanities,humanities,13
computational biology,software,13
environmental science,mathematics,13
digital library,knowledge management,13
business,stewardship (theology),13
environmental health,public health,13
database,leverage (statistics),13
programming language,psychology,13
physics,software,13
artificial intelligence,leverage (statistics),13
computer security,psychology,13
outreach,political science,13
algorithm,operating system,13
interface (matter),user interface,13
artificial intelligence,open source,13
nursing,public relations,13
geography,law,13
environmental science,physics,13
open data,science policy,13
computer science,curriculum,13
data curation,documentation,13
computer science,media studies,13
best practice,sociology,13
context (archaeology),transparency (behavior),13
data governance,world wide web,13
environmental health,political science,13
container (type theory),engineering,13
container (type theory),workflow,13
computer science,pipeline transport,13
reuse,source code,13
mathematics,transparency (behavior),13
data management plan,interoperability,13
data quality,interoperability,13
database,toolbox,13
software engineering,toolbox,13
genetics,metagenomics,13
computer science,download,13
download,world wide web,13
psychology,transparency (behavior),13
data science,linguistics,13
epistemology,mathematics,13
environmental science,hydrology (agriculture),13
computer science,open peer review,13
computer science,plant biology,13
analytics,knowledge management,13
data integration,interoperability,13
software,user interface,13
grey literature,political science,13
philosophy,psychology,13
artificial intelligence,preprocessor,13
open research,open source,13
open research,software,13
ecology,environmental planning,13
programming language,reusability,13
biology,taxonomy (biology),13
computer science,pharmacology,13
blockchain,computer science,13
blockchain,computer security,13
cochrane library,pathology,13
pandemic,severe acute respiratory syndrome coronavirus 2 (sars-cov-2),13
materials science,physics,13
component (thermodynamics),world wide web,12
grid,metadata,12
government (linguistics),sociology,12
geography,plan (archaeology),12
grid,service (business),12
control (management),knowledge management,12
geography,systems engineering,12
information retrieval,schema (genetic algorithms),12
database,server,12
dissemination,workflow,12
e-science,workflow engine,12
business,intellectual property,12
operations management,political science,12
political science,systems engineering,12
automation,workflow technology,12
metadata,provenance,12
software engineering,workbench,12
engineering,windows workflow foundation,12
engineering,pathology,12
data element,data science,12
data science,semantic interoperability,12
project charter,project management,12
computer science,workload,12
middleware (distributed applications),software engineering,12
workflow,workload,12
programming language,task (project management),12
engineering,the internet,12
data access,metadata,12
operations management,software engineering,12
scope (computer science),software,12
software,software quality,12
business,dissemination,12
data collection,research data,12
data collection,work (physics),12
context (archaeology),marketing,12
object (grammar),world wide web,12
digital curation,metadata,12
engineering ethics,qualitative research,12
geography,set (abstract data type),12
knowledge management,set (abstract data type),12
plan (archaeology),workflow,12
social science,workflow,12
computational biology,genotype,12
computer science,genotype,12
consistency (knowledge bases),database,12
business,set (abstract data type),12
knowledge management,scale (ratio),12
computer science,electrical engineering,12
focus (optics),world wide web,12
documentation,political science,12
economics,engineering ethics,12
science policy,sociology,12
operating system,upload,12
engineering,mathematics education,12
psychology,value (mathematics),12
database,schedule,12
schedule,scheduling (production processes),12
context (archaeology),qualitative research,12
data mining,workbench,12
earth science,workflow,12
interoperability,public relations,12
metadata,resource (disambiguation),12
exploratory research,sociology,12
perspective (graphical),world wide web,12
ecology,metadata,12
computer security,exploit,12
data mining,systems engineering,12
data science,graph,12
graph,information retrieval,12
economics,geography,12
economics,library science,12
benchmark (surveying),benchmarking,12
benchmark (surveying),database,12
benchmark (surveying),operating system,12
benchmarking,workflow,12
civil engineering,engineering,12
cluster analysis,data mining,12
computer science,event (particle physics),12
knowledge management,scholarship,12
scholarly communication,scholarship,12
database,health informatics,12
health care,informatics,12
computer science,fault tolerance,12
database,fault tolerance,12
distributed computing,fault tolerance,12
computer science,representation (politics),12
agile software development,software development,12
computer science,software project management,12
software,software project management,12
data as a service,data science,12
e-science,political science,12
computer science,diversity (politics),12
computer science,perception,12
management,medicine,12
data mining,e-science,12
e-science,geography,12
geospatial analysis,software,12
biobank,bioinformatics,12
biobank,computer science,12
computer science,reliability engineering,12
artificial intelligence,software development,12
open science,value (mathematics),12
knowledge management,publication,12
metadata,research data,12
software,taxonomy (biology),12
programming language,variety (cybernetics),12
computer science,quality of service,12
quality of service,workflow,12
incentive,world wide web,12
open science,set (abstract data type),12
business,variety (cybernetics),12
geology,meteorology,12
knowledge management,risk analysis (engineering),12
computer science,nanotechnology,12
artificial intelligence,interoperability,12
data mining,theoretical computer science,12
archaeology,ecology,12
mathematics,set (abstract data type),12
ecology,sustainability,12
environmental resource management,workflow,12
documentation,quality (philosophy),12
annotation,database,12
multimedia,workflow,12
data mining,interface (matter),12
commons,computer science,12
citation,information retrieval,12
archaeology,workflow,12
sociology,sociology of scientific knowledge,12
geography,operating system,12
process management,research data,12
data science,graphical user interface,12
machine learning,set (abstract data type),12
operating system,user interface,12
data mining,ecology,12
alliance,political science,12
big data,open data,12
open science,the internet,12
open data,rdm,12
data management plan,publishing,12
artificial intelligence,open science,12
application lifecycle management,process management,12
database,electronic data capture,12
documentation,medicine,12
electronic data capture,workflow,12
engineering ethics,research data,12
archaeology,biology,12
management science,mathematics,12
discipline,open science,12
open research,sociology,12
best practice,data management plan,12
best practice,engineering management,12
data management plan,data quality,12
data quality,process management,12
interoperability,linked data,12
computer science,crowdsourcing,12
crowdsourcing,world wide web,12
open data,open innovation,12
data collection,psychology,12
operating system,political science,12
genome,pipeline (software),12
population,workflow,12
biology,proteomics,12
data science,scholarship,12
benchmarking,data science,12
computational science,operating system,12
data management,stewardship (theology),12
computer science,virology,12
computer science,thematic analysis,12
political science,thematic analysis,12
context (archaeology),variety (cybernetics),12
data collection,metadata,12
computational biology,gene expression,12
gene expression,genetics,12
data sharing,quality (philosophy),12
credibility,political science,12
economics,world wide web,12
application programming interface,workflow,12
digital humanities,library science,12
evolutionary biology,genetics,12
analytics,operating system,12
usable,workflow,12
library science,philosophy,12
knowledge management,nursing,12
business,general partnership,12
data governance,database,12
artificial intelligence,benchmark (surveying),12
data access,political science,12
dissemination,open science,12
business,science policy,12
curriculum,psychology,12
pedagogy,world wide web,12
data processing,workflow,12
law,media studies,12
best practice,data collection,12
best practice,metadata,12
sociology,transparency (behavior),12
engineering,statistics,12
code (set theory),reuse,12
rdm,social science,12
container (type theory),database,12
data science,population,12
database,usable,12
data collection,data management plan,12
data quality,operations management,12
cloud computing,sociology,12
source code,visualization,12
management,publishing,12
data management,psychology,12
qualitative property,sociology,12
citation,publishing,12
best practice,engineering ethics,12
data management,scalability,12
information system,library science,12
computer security,open research,12
gene,metagenomics,12
engineering,medline,12
download,open science,12
biology,sociology,12
citizen science,psychology,12
business,physics,12
public relations,quality (philosophy),12
economics,mathematics,12
public relations,social psychology,12
identifier,interoperability,12
open data,quality (philosophy),12
linguistics,psychology,12
qualitative property,qualitative research,12
data science,mathematics education,12
cloud computing,mathematics,12
job shop scheduling,operating system,12
environmental resource management,world wide web,12
linguistics,world wide web,12
engineering,open innovation,12
statistics,workflow,12
database,mit license,12
data collection,software,12
econometrics,statistics,12
data sharing,software engineering,12
documentation,usability,12
discoverability,metadata,12
ecology,knowledge management,12
biology,cancer,12
computer science,energy consumption,12
drug,medicine,12
ecosystem,environmental resource management,12
internal medicine,oncology,12
psychology,systematic review,12
alternative medicine,cochrane library,12
health services research,public health,12
coronavirus disease 2019 (covid-19),internal medicine,12
internal medicine,medical physics,12
2019-20 coronavirus outbreak,pandemic,12
pandemic,virology,12
artificial intelligence,convolutional neural network,12
computer science,convolutional neural network,12
grey literature,medicine,12
data science,windows workflow foundation,11
task (project management),workflow engine,11
task (project management),workflow technology,11
order (exchange),sociology,11
computer science,xml,11
data element,information retrieval,11
world wide web,xml,11
computer security,service (business),11
computer science,orchestration,11
data discovery,database,11
orchestration,workflow,11
artificial intelligence,computer security,11
artificial intelligence,key (lock),11
computer security,context (archaeology),11
context (archaeology),key (lock),11
business,web service,11
engineering management,function (biology),11
database,schema (genetic algorithms),11
server,workflow,11
dissemination,scholarly communication,11
process (computing),scholarly communication,11
distributed computing,service (business),11
e-science,grid computing,11
engineering,multidisciplinary approach,11
data management,operations management,11
automation,workflow engine,11
automation,workflow management system,11
computer science,confidentiality,11
visualization,workbench,11
workbench,world wide web,11
computer science,management information systems,11
information system,management information systems,11
knowledge management,management information systems,11
business,control (management),11
computer science,project planning,11
project management,project planning,11
database,workload,11
grid,middleware (distributed applications),11
operating system,workload,11
automation,operating system,11
operating system,schedule,11
data access,knowledge management,11
data science,digital preservation,11
knowledge management,presentation (obstetrics),11
intellectual property,open science,11
internet privacy,open science,11
computer science,software quality,11
software development,software quality,11
component (thermodynamics),data science,11
data collection,process (computing),11
process (computing),research data,11
algorithm,scheduling (production processes),11
distributed computing,mathematics,11
cloud computing,supercomputer,11
distributed computing,overhead (engineering),11
linguistics,political science,11
alternative medicine,public relations,11
computer science,disease,11
public health,public relations,11
data science,object (grammar),11
annotation,data science,11
management science,social science,11
qualitative research,workflow,11
biology,single-nucleotide polymorphism,11
computational biology,world wide web,11
genetics,single-nucleotide polymorphism,11
distributed computing,web service,11
engineering,openness to experience,11
engineering ethics,management,11
epistemology,open science,11
management system,process (computing),11
engineering management,pedagogy,11
automation,world wide web,11
key (lock),operating system,11
operating system,windows workflow foundation,11
embedded system,software engineering,11
resource (disambiguation),service (business),11
finance,knowledge management,11
digital library,library science,11
business,production (economics),11
engineering,production (economics),11
mathematics education,sociology,11
distributed computing,schedule,11
library science,qualitative research,11
originality,public relations,11
climate change,geography,11
cloud computing,reuse,11
architecture,knowledge management,11
program management,project management triangle,11
infectious disease (medical specialty),pathology,11
data sharing,engineering management,11
epistemology,workflow,11
bioinformatics,chemistry,11
computer science,tracking (education),11
business,the internet,11
knowledge management,operating system,11
knowledge management,standardization,11
cyberinfrastructure,engineering,11
e-science,process (computing),11
exploratory research,knowledge management,11
knowledge management,leverage (statistics),11
open innovation,sociology,11
graph,world wide web,11
theoretical computer science,world wide web,11
data mining,reuse,11
computer science,relation (database),11
economics,sustainability,11
schema (genetic algorithms),world wide web,11
ontology,software engineering,11
economic growth,public relations,11
key (lock),process management,11
order (exchange),world wide web,11
component (thermodynamics),software,11
health informatics,workflow,11
database,management science,11
data mining,human–computer interaction,11
data visualization,world wide web,11
human–computer interaction,visualization,11
key (lock),set (abstract data type),11
data mining,data processing,11
mathematical optimization,workflow management system,11
agile software development,engineering,11
software development,software project management,11
business,data as a service,11
data as a service,data management,11
data as a service,database,11
perception,psychology,11
data mining,key (lock),11
economics,medicine,11
process management,psychology,11
artificial intelligence,data management,11
data mining,remote sensing,11
distributed computing,interface (matter),11
informatics,medicine,11
pathology,workflow,11
software engineering,suite,11
data sharing,work (physics),11
engineering,reliability engineering,11
data mining,raw data,11
data science,neuroimaging,11
marketing,psychology,11
publishing,scholarship,11
competence (human resources),knowledge management,11
psychology,quality (philosophy),11
engineering,focus (optics),11
knowledge management,usability,11
provisioning,scheduling (production processes),11
machine learning,python (programming language),11
computer network,quality of service,11
distributed computing,quality of service,11
business,european commission,11
political science,variety (cybernetics),11
operations management,risk analysis (engineering),11
artificial intelligence,sociology,11
computer science,ranking (information retrieval),11
cloud computing,python (programming language),11
analytics,business,11
immunology,medicine,11
medicine,resource (disambiguation),11
bioinformatics,drug discovery,11
geography,programming language,11
documentation,human–computer interaction,11
data science,upload,11
agriculture,computer science,11
government (linguistics),world wide web,11
data publishing,publishing,11
executable,operating system,11
business,institution,11
engineering,institution,11
interoperability,systems engineering,11
programming language,reuse,11
context (archaeology),machine learning,11
machine learning,process (computing),11
user interface,world wide web,11
upload,workflow,11
field (mathematics),programming language,11
big data,context (archaeology),11
open science,perspective (graphical),11
higher education,public relations,11
citizen journalism,computer science,11
application lifecycle management,system lifecycle,11
computer science,system lifecycle,11
database,engineering ethics,11
database,social science,11
multidisciplinary approach,world wide web,11
bioinformatics,personalized medicine,11
computational science,data science,11
computational science,parallel computing,11
context (archaeology),quality (philosophy),11
computational science,world wide web,11
computer security,scholarly communication,11
publishing,software,11
computer architecture,computer science,11
cloud computing,context (archaeology),11
information retrieval,visualization,11
context (archaeology),scholarly communication,11
open research,publishing,11
data curation,data governance,11
engineering,philosophy,11
data management plan,marketing,11
interoperability,variety (cybernetics),11
artificial intelligence,modular design,11
artificial intelligence,identification (biology),11
data management plan,process (computing),11
biology,source code,11
database,population,11
control (management),data science,11
business,originality,11
engineering ethics,field (mathematics),11
biology,scripting language,11
chemistry,computational biology,11
digital library,sociology,11
gene,genotype,11
psychology,set (abstract data type),11
data sharing,information repository,11
computational science,software engineering,11
health informatics,nursing,11
field (mathematics),sociology,11
scope (computer science),sociology,11
data science,metadata repository,11
meta data services,metadata repository,11
metadata,raw data,11
computer science,satellite,11
computer science,gene expression,11
psychology,resource (disambiguation),11
open science,sustainability,11
context (archaeology),documentation,11
documentation,domain (mathematical analysis),11
context (archaeology),rdm,11
engineering,history,11
law,philosophy,11
data sharing,marketing,11
economics,publishing,11
application programming interface,operating system,11
biodiversity,environmental science,11
biology,data curation,11
management,social science,11
optics,physics,11
devops,software,11
engineering,general partnership,11
general partnership,knowledge management,11
business,data access,11
data access,open science,11
diversity (politics),sociology,11
physics,sociology,11
best practice,data curation,11
reuse,transparency (behavior),11
institution,sociology,11
data management,scholarship,11
qualitative research,rdm,11
political science,population,11
analytics,interoperability,11
software engineering,transparency (behavior),11
rdm,reuse,11
data collection,data mining,11
documentation,set (abstract data type),11
graphical user interface,visualization,11
context (archaeology),history,11
citation,political science,11
stakeholder,world wide web,11
medline,open science,11
medline,sociology,11
pedagogy,rdm,11
geography,publishing,11
medline,public relations,11
open science,scientific communication,11
alternative medicine,world wide web,11
law,openness to experience,11
computational biology,operating system,11
database,genomics,11
geology,hydrology (agriculture),11
psychological intervention,psychology,11
public relations,sustainability,11
download,workflow,11
data mining,sociology,11
database,statistics,11
interoperability,scholarly communication,11
empirical research,knowledge management,11
information retrieval,library science,11
mit license,programming language,11
data science,discoverability,11
sociology,software,11
citation,service (business),11
database,reproducibility,11
alternative medicine,psychological intervention,11
mit license,workflow,11
ecology,sociology,11
openness to experience,transparency (behavior),11
mathematics,software engineering,11
clinical trial,pathology,11
programming language,taxonomy (biology),11
data sharing,standardization,11
artificial intelligence,inference,11
computer science,inference,11
reusability,source code,11
cancer,computer science,11
genetics,internal medicine,11
drug,pharmacology,11
cyberinfrastructure,interoperability,11
genetics,mathematics,11
code review,software,11
software,toolbox,11
linked data,metadata,11
medicine,scopus,11
deep learning,workflow,11
pathology,systematic review,11
computational biology,mathematics,11
medline,psychiatry,11
best practice,code (set theory),11
intensive care medicine,pathology,11
best practice,interoperability,11
computer science,severe acute respiratory syndrome coronavirus 2 (sars-cov-2),11
coronavirus disease 2019 (covid-19),pathology,11
modular design,scalability,11
medicine,thematic analysis,11
cyberinfrastructure,grid,10
operating system,web service,10
context (archaeology),workflow management system,10
data science,xpdl,10
parallel computing,programming language,10
artificial intelligence,workflow engine,10
resource (disambiguation),workflow management system,10
scheduling (production processes),systems engineering,10
operations management,quality management,10
access control,computer science,10
access control,computer security,10
artificial intelligence,computer network,10
key (lock),systems engineering,10
china,engineering,10
multidisciplinary approach,sociology,10
computer science,sql,10
database,sql,10
algorithm,computation,10
geography,grid,10
dissemination,telecommunications,10
knowledge management,telecommunications,10
component (thermodynamics),programming language,10
computer science,correctness,10
engineering management,workflow management system,10
grid computing,workflow engine,10
grid computing,workflow technology,10
resource (disambiguation),software engineering,10
control (management),engineering management,10
engineering management,mathematics,10
mathematics,systems engineering,10
systems engineering,work (physics),10
business,multidisciplinary approach,10
database,project management,10
abstraction,computer science,10
abstraction,database,10
abstraction,workflow,10
computer science,workflow management coalition,10
database,workflow management coalition,10
software engineering,workflow management coalition,10
windows workflow foundation,workflow management coalition,10
workflow,workflow management coalition,10
workflow engine,workflow management coalition,10
workflow management coalition,workflow management system,10
workflow management coalition,workflow technology,10
e-science,software,10
engineering management,reuse,10
computer science,psychological intervention,10
interoperability,open standard,10
computer science,project charter,10
engineering management,project planning,10
project charter,project management triangle,10
project planning,systems engineering,10
distributed computing,workload,10
exploit,operating system,10
computer security,data access,10
value (mathematics),world wide web,10
intellectual property,knowledge management,10
scope (computer science),software engineering,10
software engineering,software quality,10
computer science,radiology,10
research data,workflow,10
mathematics,scheduling (production processes),10
operating system,overhead (engineering),10
opm3,political science,10
process management,program management,10
alternative medicine,health care,10
disease,political science,10
object (grammar),workflow,10
annotation,world wide web,10
engineering ethics,value (mathematics),10
process (computing),social science,10
computer network,software engineering,10
consistency (knowledge bases),data science,10
china,knowledge management,10
computer science,information management,10
architecture,operating system,10
architecture,software,10
big data,software,10
documentation,engineering management,10
corporate governance,economics,10
corporate governance,engineering ethics,10
engineering,science policy,10
management,open science,10
quality (philosophy),quality management,10
information system,sociology,10
project management,sociology,10
world wide web,xpdl,10
embedded system,software,10
resource (disambiguation),software,10
software,upload,10
computer science,personalization,10
personalization,world wide web,10
big data,cyberinfrastructure,10
big data,scale (ratio),10
cyberinfrastructure,software,10
operating system,scale (ratio),10
data science,earth science,10
database,earth science,10
pace,political science,10
information system,interoperability,10
data sharing,library science,10
interoperability,library science,10
humanities,world wide web,10
bioinformatics,cheminformatics,10
bioinformatics,operating system,10
bioinformatics,software engineering,10
chemistry,operating system,10
chemistry,software,10
computer science,replicate,10
software engineering,standardization,10
pipeline (software),scripting language,10
process (computing),resource (disambiguation),10
data science,exploratory research,10
data curation,plan (archaeology),10
data management,interface (matter),10
interface (matter),metadata,10
audit,workflow,10
economics,process (computing),10
management,opm3,10
management,work (physics),10
geography,state (computer science),10
management,service (business),10
benchmark (surveying),cloud computing,10
interoperability,workflow management system,10
interoperability,workflow technology,10
toolbox,world wide web,10
metadata,schema (genetic algorithms),10
business,scholarship,10
field (mathematics),work (physics),10
biology,library science,10
data mining,health care,10
data mining,informatics,10
computer science,knowledge sharing,10
knowledge management,knowledge sharing,10
scale (ratio),software engineering,10
key (lock),programming language,10
fault tolerance,operating system,10
project management,software,10
business,operations research,10
computer science,theme (computing),10
data management,focus (optics),10
identification (biology),world wide web,10
management science,psychology,10
cartography,data mining,10
data mining,geospatial analysis,10
data science,sustainability,10
plan (archaeology),work (physics),10
engineering,interface (matter),10
bioinformatics,pathology,10
database,pathology,10
database,web application,10
informatics,world wide web,10
ecology,identification (biology),10
bioconductor,data mining,10
bioconductor,software,10
computational science,data mining,10
programming language,raw data,10
health informatics,public health,10
linguistics,natural language processing,10
pathology,public health,10
promotion (chess),world wide web,10
outreach,world wide web,10
scalability,software deployment,10
computer science,simulation,10
artificial intelligence,code (set theory),10
set (abstract data type),variety (cybernetics),10
cloud computing,interface (matter),10
database,quality of service,10
operating system,quality of service,10
context (archaeology),ecology,10
computer science,european commission,10
engineering,environmental planning,10
identification (biology),medicine,10
computer science,social network analysis,10
social media,software,10
neuroinformatics,world wide web,10
biology,data management,10
data management,domain (mathematical analysis),10
data mining,genome,10
data science,genome,10
architecture,engineering management,10
analytics,engineering,10
government (linguistics),public administration,10
biology,immunology,10
computer network,data science,10
medical education,workflow,10
programming language,quality (philosophy),10
human–computer interaction,multimedia,10
artificial intelligence,big data,10
commons,political science,10
citation,database,10
citation,workflow,10
computer security,mathematics,10
database,reliability (semiconductor),10
reliability (semiconductor),workflow,10
computer science,portfolio,10
data management plan,work (physics),10
institution,public relations,10
computer science,sociology of scientific knowledge,10
risk analysis (engineering),risk management,10
engineering management,law,10
law,work (physics),10
software,web application,10
data curation,software,10
graphical user interface,user interface,10
gateway (web page),software,10
ecology,programming language,10
field (mathematics),interoperability,10
data management plan,scholarly communication,10
publishing,rdm,10
publishing,research data,10
quality of service,scheduling (production processes),10
citizen journalism,knowledge management,10
cloud computing,field (mathematics),10
application lifecycle management,knowledge management,10
process management,system lifecycle,10
alternative medicine,clinical trial,10
clinical trial,electronic data capture,10
computer security,engineering ethics,10
data science,electronic data capture,10
electronic data capture,medicine,10
geography,research data,10
plan (archaeology),public relations,10
research data,social science,10
computer science,power (physics),10
computer science,visual arts,10
computer science,personalized medicine,10
medicine,personalized medicine,10
biology,r package,10
engineering,relevance (law),10
public relations,scope (computer science),10
data mining,research data,10
geography,scholarly communication,10
database,digitization,10
data sharing,engineering ethics,10
corporate governance,data management,10
corporate governance,data science,10
data quality,public relations,10
artificial intelligence,object (grammar),10
gerontology,medicine,10
data management plan,digital curation,10
publishing,variety (cybernetics),10
data collection,documentation,10
data science,subject (documents),10
subject (documents),world wide web,10
code (set theory),engineering,10
computational science,mathematics,10
engineering,python (programming language),10
marketing,workflow,10
data science,government (linguistics),10
artificial intelligence,consistency (knowledge bases),10
artificial intelligence,protocol (science),10
biology,transparency (behavior),10
protocol (science),world wide web,10
computational biology,proteomics,10
biology,dna sequencing,10
data management plan,data mining,10
application programming interface,interface (matter),10
data science,public health,10
open research,public relations,10
biology,personalized medicine,10
openness to experience,publishing,10
openness to experience,workflow,10
context (archaeology),data collection,10
bibliometrics,computer science,10
sociology,space (punctuation),10
data element,data management,10
remote sensing,satellite,10
sociology,sustainability,10
service (business),service provider,10
engineering,meteorology,10
knowledge management,relevance (law),10
e-science,gateway (web page),10
publishing,scientific publishing,10
data mining,rdm,10
quality (philosophy),service (business),10
engineering,subject (documents),10
annotation,information retrieval,10
computational biology,evolutionary biology,10
meteorology,remote sensing,10
computer science,optics,10
dissemination,engineering,10
cloud computing,gateway (web page),10
cloud computing,telecommunications,10
operating system,telecommunications,10
computer science,devops,10
devops,workflow,10
cloud computing,law,10
open science,research data,10
cohort,medicine,10
media studies,public relations,10
data management,qualitative research,10
environmental health,nursing,10
container (type theory),operating system,10
pipeline transport,workflow,10
analytics,software,10
key (lock),open data,10
ecology,information retrieval,10
information retrieval,pipeline (software),10
process management,reuse,10
context (archaeology),management science,10
history,law,10
data governance,workflow,10
geographic information system,geospatial analysis,10
social science,sociology of scientific knowledge,10
data collection,public relations,10
neuroimaging,psychology,10
regional science,sociology,10
computer science,throughput,10
medline,world wide web,10
open innovation,open research,10
download,software,10
general partnership,public relations,10
applied psychology,psychology,10
computer science,scientific communication,10
library science,scientific communication,10
artificial intelligence,cartography,10
metadata,metadata modeling,10
social psychology,sociology,10
data science,genomics,10
data visualization,programming language,10
business,promotion (chess),10
quality (philosophy),transparency (behavior),10
data access,interoperability,10
database,download,10
data science,download,10
computer graphics (images),software,10
pipeline (software),python (programming language),10
computer science,data extraction,10
computer science,spatial analysis,10
data mining,open data,10
library science,pedagogy,10
annotation,biology,10
citation,software,10
documentation,scalability,10
stakeholder,stakeholder engagement,10
field (mathematics),set (abstract data type),10
biology,epistemology,10
interoperability,modular design,10
open science,order (exchange),10
biodiversity,interoperability,10
mathematics,open source,10
archaeology,history,10
computer science,open education,10
ecology,mathematics,10
pathology,psychology,10
engineering,protocol (science),10
bioinformatics,internal medicine,10
computational biology,internal medicine,10
database,energy consumption,10
distributed computing,energy consumption,10
energy consumption,workflow,10
metadata,standardization,10
medical education,nursing,10
open research,workflow,10
internal medicine,randomized controlled trial,10
computational biology,microbiome,10
computer science,econometrics,10
medical education,medline,10
computer science,drug,10
data sharing,pathology,10
alternative medicine,meta-analysis,10
engineering,systematic review,10
meta-analysis,systematic review,10
coronavirus disease 2019 (covid-19),public relations,10
information retrieval,natural language processing,10
pathology,radiology,10
2019-20 coronavirus outbreak,computer science,10
pandemic,pathology,10
internal medicine,virology,10
machine learning,source code,10
bioinformatics,machine learning,10
machine learning,pattern recognition (psychology),10
artificial intelligence,toolbox,10
artificial neural network,deep learning,10
database,materials science,10
materials science,nanotechnology,10
psychiatry,psychology,10
protocol (science),systematic review,10
health care,psychological intervention,10
cinahl,psychological intervention,10
artificial intelligence,generative grammar,10
computer science,generative grammar,10
focus (optics),scholarship,10
knowledge management,programming language,9
knowledge management,workflow engine,9
programming language,windows workflow foundation,9
data element,workflow,9
management system,quality management,9
database,orchestration,9
computer science,resource management (computing),9
computer security,workflow management system,9
context (archaeology),systems engineering,9
human–computer interaction,knowledge management,9
grid,scheduling (production processes),9
china,world wide web,9
computer security,geography,9
context (archaeology),multidisciplinary approach,9
server,world wide web,9
discipline,world wide web,9
engineering ethics,quality (philosophy),9
data science,point (geometry),9
computational science,physics,9
engineering,scientific management,9
operations management,scientific management,9
semantic web,sparql,9
control (management),process (computing),9
control (management),process management,9
engineering management,operations research,9
operations management,opm3,9
data science,workbench,9
distributed computing,windows workflow foundation,9
engineering,grid computing,9
cloud computing,variety (cybernetics),9
distributed computing,metadata,9
distributed computing,variety (cybernetics),9
function (biology),knowledge management,9
information system,systems engineering,9
engineering,translational research,9
data science,meta data services,9
information retrieval,meta data services,9
engineering,project planning,9
engineering,schedule,9
knowledge management,project charter,9
process management,project charter,9
exploit,software engineering,9
software deployment,workflow management system,9
computer security,reuse,9
computer security,work (physics),9
digital preservation,knowledge management,9
presentation (obstetrics),work (physics),9
distributed computing,domain (mathematical analysis),9
engineering,xpdl,9
process management,software development,9
quality (philosophy),quality assurance,9
quality (philosophy),software development,9
quality assurance,workflow,9
artificial intelligence,graphical user interface,9
computer science,dicom,9
data management,dissemination,9
data management,publication,9
physics,remote sensing,9
algorithm,job shop scheduling,9
programming language,scope (computer science),9
geography,process management,9
disease,public health,9
health care,public relations,9
digital curation,engineering,9
construct (python library),data science,9
plan (archaeology),sociology,9
social science,value (mathematics),9
genotype,single-nucleotide polymorphism,9
information management,knowledge management,9
software,supercomputer,9
computer science,hierarchy,9
corporate governance,management,9
documentation,open science,9
knowledge management,public administration,9
knowledge management,science policy,9
management,public administration,9
epistemology,management science,9
epistemology,process (computing),9
computer network,service (business),9
interoperability,resource (disambiguation),9
geography,suite,9
higher education,psychology,9
mathematics education,pedagogy,9
operating system,operations management,9
robustness (evolution),workflow,9
library science,originality,9
cognitive science,data science,9
computer science,earth system science,9
geography,oceanography,9
flexibility (engineering),knowledge management,9
grid computing,software,9
accounting,political science,9
artificial intelligence,selection (genetic algorithm),9
engineering management,medical education,9
medical education,pathology,9
computer science,medical emergency,9
database,information system,9
health care,interoperability,9
grid,programming language,9
metadata management,workflow,9
metadata,remote sensing,9
database,semantics (computer science),9
semantics (computer science),workflow,9
key (lock),management science,9
management,process (computing),9
computer science,novelty,9
engineering,geospatial analysis,9
business,perspective (graphical),9
data science,open innovation,9
context (archaeology),data management plan,9
audit,data science,9
domain (mathematical analysis),systems engineering,9
cartography,engineering,9
engineering,usability,9
management,project management triangle,9
computer science,vocabulary,9
graph,programming language,9
automation,mechanical engineering,9
benchmark (surveying),distributed computing,9
benchmarking,data mining,9
benchmarking,database,9
interoperability,workflow engine,9
project management,project manager,9
e-science,reuse,9
business,field (mathematics),9
data science,order (exchange),9
paleontology,workflow,9
fault tolerance,workflow management system,9
artificial intelligence,mathematical optimization,9
business,software development,9
scripting language,workflow technology,9
data as a service,world wide web,9
documentation,service (business),9
database,real-time computing,9
architecture,data management,9
history,library science,9
history,world wide web,9
audit,business,9
diversity (politics),political science,9
identification (biology),political science,9
data mining,management science,9
economics,management science,9
economics,quality (philosophy),9
project management,psychology,9
data management,visualization,9
variety (cybernetics),workflow management system,9
biobank,data science,9
health informatics,world wide web,9
bioconductor,programming language,9
chemistry,programming language,9
computational science,r package,9
database,proteomics,9
programming language,r package,9
proteomics,workflow,9
incentive,sociology,9
social science,work (physics),9
artificial intelligence,pathology,9
information retrieval,set (abstract data type),9
knowledge management,promotion (chess),9
promotion (chess),public relations,9
reuse,workflow management system,9
sustainability,world wide web,9
computation,workflow,9
ecology,process (computing),9
business,digital preservation,9
resource (disambiguation),scalability,9
computer science,debugging,9
debugging,software engineering,9
computer science,file format,9
virtual machine,workflow management system,9
adaptation (eye),workflow,9
climate change,ecology,9
ecology,open data,9
parallel computing,supercomputer,9
european commission,political science,9
risk analysis (engineering),systems engineering,9
agency (philosophy),computer science,9
information retrieval,political science,9
coding (social sciences),world wide web,9
social media,social network analysis,9
social network analysis,world wide web,9
artificial intelligence,theoretical computer science,9
data mining,graph,9
computer graphics (images),database,9
computer graphics (images),operating system,9
accounting,audit,9
data management,management,9
ecology,library science,9
competence (human resources),management,9
documentation,process management,9
biology,resource (disambiguation),9
health informatics,knowledge management,9
informatics,knowledge management,9
geography,resource (disambiguation),9
computer science,software development process,9
documentation,usable,9
knowledge management,software deployment,9
artificial intelligence,multimedia,9
multimedia,programming language,9
computer science,data model (gis),9
context (archaeology),health care,9
data model (gis),data science,9
public relations,state (computer science),9
business,software deployment,9
government (linguistics),open data,9
data science,license,9
data sharing,internet privacy,9
publication,scholarly communication,9
metadata,object (grammar),9
credibility,data science,9
institution,knowledge management,9
computer science,risk management,9
order (exchange),public relations,9
interface (matter),visualization,9
artificial intelligence,ontology,9
business,portfolio,9
aerospace engineering,computer science,9
computer science,plug-in,9
archaeology,engineering,9
architectural engineering,engineering,9
data mining,environmental science,9
alliance,computer science,9
data science,european union,9
european union,open data,9
domain (mathematical analysis),operating system,9
engineering management,open data,9
data curation,key (lock),9
rdm,scholarly communication,9
scholarly communication,work (physics),9
citizen science,geography,9
geography,scope (computer science),9
ecology,field (mathematics),9
data management,session (web analytics),9
application lifecycle management,engineering,9
alternative medicine,engineering ethics,9
clinical trial,database,9
clinical trial,workflow,9
computer security,documentation,9
data curation,discipline,9
civil engineering,computer science,9
open source software,operating system,9
data integration,data quality,9
biology,scalability,9
cloud computing,parallel computing,9
computational science,distributed computing,9
data visualization,software,9
digitization,engineering,9
digitization,workflow,9
engineering,raw data,9
discipline,open data,9
discipline,publishing,9
publication,sociology,9
corporate governance,data quality,9
data governance,service (business),9
data quality,rdm,9
data governance,process management,9
business,standardization,9
project management,public relations,9
computer science,simple (philosophy),9
knowledge management,scalability,9
data management plan,metadata management,9
operating system,psychology,9
biology,population,9
pipeline (software),source code,9
database,software versioning,9
scripting language,transparency (behavior),9
biochemistry,biology,9
computer science,mandate,9
mandate,political science,9
artificial intelligence,benchmarking,9
human–computer interaction,psychology,9
computational biology,dna sequencing,9
computer science,dna sequencing,9
application lifecycle management,business,9
application lifecycle management,data science,9
business,risk management,9
information retrieval,python (programming language),9
political science,training (meteorology),9
computer data storage,data sharing,9
data sharing,operating system,9
information repository,metadata,9
database,stewardship (theology),9
biology,virology,9
environmental health,geography,9
environmental health,pathology,9
open science,promotion (chess),9
data sharing,openness to experience,9
internet privacy,medicine,9
data mining,pathology,9
implementation,software,9
public relations,space (punctuation),9
exploit,world wide web,9
interoperability,usable,9
data collection,key (lock),9
data collection,reuse,9
database,meta data services,9
data management plan,documentation,9
metadata repository,workflow,9
gene,transcriptome,9
political science,sociology of scientific knowledge,9
neuroimaging,neuroscience,9
publishing,quality (philosophy),9
art,history,9
software versioning,workflow,9
data sharing,variety (cybernetics),9
meteorology,physics,9
engineering,finance,9
computer science,popularity,9
computer science,social network (sociolinguistics),9
social media,social network (sociolinguistics),9
social network (sociolinguistics),world wide web,9
data access,data curation,9
bridging (networking),data science,9
bridging (networking),world wide web,9
computer science,term (time),9
data management,environmental resource management,9
law,scholarship,9
documentation,interface (matter),9
data science,german,9
geography,german,9
computer science,evolutionary biology,9
political science,session (web analytics),9
data science,rdf,9
computer graphics (images),python (programming language),9
computer science,javascript,9
computer security,telecommunications,9
devops,software engineering,9
open science,telecommunications,9
service (business),telecommunications,9
business,discipline,9
medicine,reuse,9
algorithm,software,9
meteorology,political science,9
computer science,profiling (computer programming),9
dissemination,public relations,9
dissemination,publishing,9
accountability,transparency (behavior),9
best practice,context (archaeology),9
data governance,metadata,9
chemistry,psychology,9
data management,originality,9
engineering,scholarship,9
database,pipeline transport,9
engineering,pipeline transport,9
public relations,reuse,9
software development,source code,9
analytics,variety (cybernetics),9
computer science,science education,9
linked data,workflow,9
business,statistics,9
art,digital humanities,9
art,visual arts,9
data science,digital humanities,9
biology,process (computing),9
graphical user interface,source code,9
best practice,process (computing),9
political science,psychological intervention,9
political science,qualitative property,9
public relations,qualitative property,9
geography,information system,9
bioinformatics,pipeline (software),9
engineering ethics,medline,9
library science,scholarship,9
download,open source,9
botany,computer science,9
scholarly communication,transparency (behavior),9
law,mathematics,9
biology,citizen science,9
open peer review,open science,9
open peer review,world wide web,9
open science,plant biology,9
plant biology,world wide web,9
political science,scientific communication,9
best practice,research data,9
family medicine,nursing,9
alternative medicine,sociology,9
open science,social psychology,9
family medicine,political science,9
computer science,hydrology (agriculture),9
management,qualitative research,9
pedagogy,qualitative research,9
computer security,data quality,9
data quality,open data,9
data science,empirical research,9
cloud computing,fault tolerance,9
biology,download,9
engineering,politics,9
openness to experience,social science,9
business,international trade,9
european union,international trade,9
computer vision,image (mathematics),9
clinical trial,internal medicine,9
software,task (project management),9
data mining,open source,9
geography,spatial analysis,9
political science,productivity,9
field (mathematics),key (lock),9
key (lock),scalability,9
engineering,social psychology,9
annotation,computational biology,9
documentation,pipeline (software),9
data mining,usability,9
data quality,software,9
data mining,preprocessor,9
database,preprocessor,9
medicine,standardization,9
open science,science education,9
mit license,source code,9
computational biology,python (programming language),9
linguistics,terminology,9
medicine,programming language,9
terminology,world wide web,9
library science,rdm,9
artificial intelligence,mit license,9
ecology,public relations,9
biology,environmental planning,9
download,programming language,9
open source,taxonomy (biology),9
environmental science,statistics,9
physics,psychology,9
analytics,scalability,9
domain (mathematical analysis),interoperability,9
database,discoverability,9
software,statistics,9
action (physics),computer science,9
code (set theory),key (lock),9
open education,open science,9
open science,relevance (law),9
machine learning,world wide web,9
bioinformatics,cancer,9
cancer,computational biology,9
gene,internal medicine,9
cloud computing,energy consumption,9
computer science,efficient energy use,9
data mining,quality (philosophy),9
computer science,data type,9
code review,software development,9
analytics,data sharing,9
data mapping,metadata,9
public administration,social science,9
medline,qualitative research,9
epistemology,social science,9
data science,systematic review,9
acupuncture,alternative medicine,9
alternative medicine,physical therapy,9
alternative medicine,randomized controlled trial,9
internal medicine,physical therapy,9
medline,surgery,9
coronavirus disease 2019 (covid-19),law,9
pandemic,public relations,9
cancer,pathology,9
disease,medline,9
benchmark (surveying),machine learning,9
pipeline (software),software deployment,9
source code,web application,9
psychiatry,psychological intervention,9
family medicine,medline,9
intensive care medicine,medline,9
cancer,oncology,9
biology,coronavirus disease 2019 (covid-19),9
computer science,infectious disease (medical specialty),9
infectious disease (medical specialty),virology,9
computer science,speech recognition,9
nursing,pathology,9
psychological intervention,systematic review,9
data curation,information retrieval,9
open science,resource (disambiguation),9
open research,service (business),9
pattern recognition (psychology),segmentation,9
medicine,radiomics,9
radiology,radiomics,9
materials science,workflow,9
knowledge management,thematic analysis,9
image (mathematics),pattern recognition (psychology),9
automation,devops,9
biology,geology,9
interoperability,reusability,9
code (set theory),web application,9
alternative medicine,cinahl,9
cinahl,nursing,9
cinahl,systematic review,9
focus (optics),presentation (obstetrics),9
grid,web service,8
context (archaeology),workflow engine,8
knowledge management,workflow technology,8
programming language,xpdl,8
artificial intelligence,similarity (geometry),8
computer science,similarity (geometry),8
computer science,product (mathematics),8
engineering,quality management,8
grid computing,service (business),8
data science,orchestration,8
computer network,computer security,8
context (archaeology),distributed computing,8
control (management),systems engineering,8
database,resource management (computing),8
key (lock),task (project management),8
data science,scheduling (production processes),8
china,engineering management,8
china,geography,8
function (biology),systems engineering,8
operations management,world wide web,8
context (archaeology),pedagogy,8
geography,pedagogy,8
discipline,scholarly communication,8
business,distributed computing,8
grid,process (computing),8
correctness,database,8
correctness,workflow,8
engineering management,programming language,8
point (geometry),workflow,8
computer science,sparql,8
database,sparql,8
information retrieval,sparql,8
rdf,sparql,8
project management,work (physics),8
automation,process (computing),8
context (archaeology),provenance,8
e-science,provenance,8
visualization,workflow management system,8
workflow management coalition,world wide web,8
engineering,management information systems,8
human–computer interaction,process (computing),8
computer science,translational science,8
engineering ethics,pathology,8
medicine,translational science,8
translational research,translational science,8
computer science,geospatial metadata,8
computer science,open standard,8
geospatial metadata,meta data services,8
geospatial metadata,metadata,8
geospatial metadata,world wide web,8
open standard,world wide web,8
control (management),world wide web,8
engineering,project charter,8
knowledge management,project planning,8
process management,project planning,8
project management triangle,project planning,8
grid computing,middleware (distributed applications),8
automation,systems engineering,8
computer science,java,8
operating system,software construction,8
operating system,the internet,8
plan (archaeology),process (computing),8
process (computing),the internet,8
data access,key (lock),8
data science,replication (statistics),8
key (lock),work (physics),8
computer science,work in process,8
intellectual property,world wide web,8
internet privacy,law,8
database,quality assurance,8
engineering,quality assurance,8
artificial intelligence,medical physics,8
research data,work (physics),8
astrobiology,geology,8
astrobiology,physics,8
astronomy,geology,8
cloud computing,cloud computing security,8
cloud computing security,computer science,8
opm3,process (computing),8
process (computing),program management,8
health care,public health,8
information retrieval,service (business),8
digital preservation,political science,8
engineering ethics,originality,8
originality,workflow,8
process (computing),qualitative research,8
grid,interoperability,8
protocol (science),software engineering,8
computational biology,single-nucleotide polymorphism,8
computer science,single-nucleotide polymorphism,8
process (computing),task (project management),8
engineering management,scale (ratio),8
data management,information management,8
data management,information system,8
economics,science policy,8
engineering,public administration,8
engineering ethics,openness to experience,8
artificial intelligence,epistemology,8
flexibility (engineering),interoperability,8
interoperability,usability,8
advertising,computer science,8
library science,software,8
library science,the internet,8
business,higher education,8
data science,open source software,8
academic library,computer science,8
academic library,library science,8
context (archaeology),originality,8
archaeology,geology,8
context (archaeology),discipline,8
flexibility (engineering),process management,8
cloud computing,cloud storage,8
information system,metadata,8
cyberinfrastructure,distributed computing,8
infectious disease (medical specialty),political science,8
medical education,work (physics),8
health care,medical emergency,8
data management,set (abstract data type),8
e-science,programming language,8
data science,semantics (computer science),8
information retrieval,semantics (computer science),8
biology,cheminformatics,8
cheminformatics,chemistry,8
cheminformatics,data science,8
computer science,perl,8
business,leverage (statistics),8
construct (python library),database,8
process management,programming language,8
data management,ecology,8
audit,database,8
political science,translational research,8
documentation,systems engineering,8
engineering management,metadata,8
political science,project management triangle,8
business,state (computer science),8
library science,public administration,8
traceability,workflow,8
geology,programming language,8
metadata,rdf,8
metadata,scalability,8
rdf,workflow,8
computer science,project manager,8
knowledge management,project manager,8
computer science,mechanism (biology),8
data science,paleontology,8
database,paleontology,8
component (thermodynamics),engineering,8
data mining,health informatics,8
computer science,structuring,8
software engineering,software project management,8
scripting language,workflow engine,8
documentation,work (physics),8
distributed computing,real-time computing,8
real-time computing,workflow,8
chemistry,mass spectrometry,8
geography,history,8
theme (computing),world wide web,8
business,digital curation,8
data curation,information repository,8
political science,sample (material),8
computer science,decision support system,8
data mining,engineering management,8
project management triangle,project manager,8
geography,variety (cybernetics),8
process management,sustainability,8
computer science,health informatics tools,8
data management,informatics,8
health informatics tools,informatics,8
pathology,world wide web,8
bioconductor,database,8
chemistry,proteomics,8
database,r package,8
r package,software,8
artificial intelligence,neuroimaging,8
database,neuroinformatics,8
data curation,qualitative research,8
open science,qualitative research,8
computer science,narrative,8
set (abstract data type),task (project management),8
politics,world wide web,8
competence (human resources),engineering,8
domain (mathematical analysis),reuse,8
engineering,outreach,8
reuse,workflow engine,8
computer science,section (typography),8
metadata,usability,8
computation,database,8
provisioning,scalability,8
scalability,scheduling (production processes),8
debugging,workflow,8
software deployment,workflow engine,8
software deployment,systems engineering,8
code (set theory),operating system,8
database,file format,8
file format,world wide web,8
set (abstract data type),source code,8
data integration,information retrieval,8
biology,set (abstract data type),8
data science,pace,8
data sharing,incentive,8
data sharing,publication,8
incentive,open data,8
provisioning,workflow management system,8
european union,geography,8
european union,public relations,8
climate change,environmental science,8
engineering management,risk analysis (engineering),8
environmental science,risk analysis (engineering),8
artificial intelligence,environmental science,8
computer science,risk assessment,8
economics,environmental science,8
agency (philosophy),business,8
agency (philosophy),knowledge management,8
data science,social network analysis,8
social network analysis,software,8
automation,process management,8
computer science,precision medicine,8
european union,knowledge management,8
project management,world wide web,8
management,research data,8
metadata,process management,8
information retrieval,medicine,8
health informatics,political science,8
cartography,environmental science,8
climate change,workflow,8
environmental resource management,sustainability,8
environmental science,scale (ratio),8
environmental science,sustainability,8
data science,productivity,8
data mining,standardization,8
geography,quality (philosophy),8
software development process,software engineering,8
inference,workflow,8
information system,key (lock),8
data management,software deployment,8
computer science,domain knowledge,8
domain (mathematical analysis),information retrieval,8
annotation,programming language,8
database,multimedia,8
data model (gis),metadata,8
computer science,information and communications technology,8
information and communications technology,world wide web,8
knowledge management,social media,8
commons,world wide web,8
computer science,data publishing,8
data publishing,world wide web,8
data sharing,law,8
citation,identifier,8
citation,metadata,8
engineering,publication,8
knowledge management,sociology of scientific knowledge,8
excellence,political science,8
data science,proteomics,8
computer science,semantic computing,8
information retrieval,semantic computing,8
semantic computing,semantic web,8
reusability,web application,8
cyberinfrastructure,scalability,8
engineering,portfolio,8
interface (matter),process (computing),8
bridge (graph theory),computer science,8
computer science,cultural heritage,8
digitization,telecommunications,8
data science,plug-in,8
database,plug-in,8
archaeology,environmental science,8
bottleneck,computer science,8
data science,metagenomics,8
metagenomics,workflow,8
big data,interoperability,8
european union,interoperability,8
scalability,software development,8
data management plan,geography,8
geography,rdm,8
field (mathematics),metadata,8
research data,scholarly communication,8
context (archaeology),mathematics,8
benchmarking,business,8
engineering,modular design,8
business,chemistry,8
computer science,data center,8
engineering,system lifecycle,8
knowledge management,system lifecycle,8
alternative medicine,business,8
clinical trial,data science,8
engineering ethics,process management,8
biology,field (mathematics),8
architectural engineering,computer science,8
audit,transparency (behavior),8
credibility,transparency (behavior),8
data sharing,information retrieval,8
information retrieval,open science,8
database,multidisciplinary approach,8
visual arts,world wide web,8
bioinformatics,engineering,8
field (mathematics),operating system,8
point (geometry),world wide web,8
computational science,field (mathematics),8
job shop scheduling,schedule,8
asset (computer security),computer science,8
computer architecture,database,8
data science,microbiome,8
data visualization,information retrieval,8
data management,government (linguistics),8
data management,scope (computer science),8
engineering ethics,perspective (graphical),8
library science,open research,8
perspective (graphical),social science,8
corporate governance,finance,8
data governance,research data,8
data quality,sociology,8
data science,finance,8
best practice,marketing,8
best practice,service (business),8
data governance,data management plan,8
benchmarking,world wide web,8
political science,standardization,8
reuse,service (business),8
benchmarking,engineering,8
feature (linguistics),workflow,8
semantic interoperability,semantic web,8
digital curation,publishing,8
digital curation,scholarly communication,8
scholarly communication,variety (cybernetics),8
software engineering,software versioning,8
code (set theory),mathematics,8
python (programming language),scalability,8
big data,data curation,8
process management,resource (disambiguation),8
chemistry,engineering,8
database,government (linguistics),8
artificial intelligence,transparency (behavior),8
biology,protocol (science),8
software engineering,supercomputer,8
digital humanities,sociology,8
biochemistry,chemistry,8
biochemistry,computer science,8
big data,geography,8
multimedia,operating system,8
political science,staffing,8
benchmarking,machine learning,8
dna sequencing,gene,8
dna sequencing,genetics,8
gene,single-nucleotide polymorphism,8
management,workflow,8
business,system lifecycle,8
database,risk analysis (engineering),8
accountability,computer science,8
software,theoretical computer science,8
medicine,set (abstract data type),8
geology,metadata,8
computer data storage,metadata,8
domain (mathematical analysis),field (mathematics),8
cloud computing,work (physics),8
biology,environmental health,8
pathology,virology,8
data curation,open research,8
interoperability,open research,8
open research,research data,8
presentation (obstetrics),public relations,8
open innovation,public relations,8
best practice,software engineering,8
computer science,test (biology),8
data science,implementation,8
data management,pipeline (software),8
computer science,descriptive statistics,8
social science,thematic analysis,8
field (mathematics),public relations,8
documentation,variety (cybernetics),8
biology,transcriptome,8
computational biology,transcriptome,8
gene expression,transcriptome,8
software construction,software project management,8
physics,software engineering,8
art,data science,8
political science,software engineering,8
corporate governance,data sharing,8
data science,qualitative property,8
data sharing,qualitative property,8
medicine,qualitative property,8
medicine,variety (cybernetics),8
business,german,8
data management,digital preservation,8
digitization,metadata,8
dissemination,sociology,8
metadata,relevance (law),8
metadata,telecommunications,8
environmental resource management,knowledge management,8
political science,scientific publishing,8
social network (sociolinguistics),software,8
open science,politics,8
artificial intelligence,library science,8
business,subject (documents),8
library science,subject (documents),8
equity (law),public relations,8
annotation,data mining,8
computer science,ontology-based data integration,8
information retrieval,ontology-based data integration,8
ontology,ontology-based data integration,8
domain (mathematical analysis),political science,8
nuclear physics,physics,8
interoperability,rdf,8
linked data,rdf,8
data management,workflow management system,8
citizen science,dissemination,8
software engineering,user interface,8
cloud computing,modular design,8
modular design,software deployment,8
reuse,sociology,8
business,public health,8
engineering,public health,8
library science,presentation (obstetrics),8
nursing,sociology,8
presentation (obstetrics),sociology,8
big data,service (business),8
law,service (business),8
environmental science,open science,8
computer science,development (topology),8
public relations,telecommunications,8
order (exchange),process (computing),8
presentation (obstetrics),publishing,8
data management,medical education,8
artificial intelligence,robustness (evolution),8
citizen journalism,political science,8
european research area,political science,8
open data,public administration,8
data collection,medical education,8
agriculture,data science,8
data processing,data science,8
face (sociological concept),sociology,8
accountability,political science,8
data collection,data quality,8
data quality,transparency (behavior),8
artificial intelligence,neuroscience,8
artificial intelligence,reproducibility,8
institution,social science,8
multidisciplinary approach,workflow,8
programming language,user interface,8
global health,public health,8
process management,qualitative research,8
cloud computing,pipeline (software),8
programming language,transparency (behavior),8
clarity,computer science,8
cloud computing,server,8
data science,pedagogy,8
science education,sociology,8
identification (biology),machine learning,8
digital humanities,world wide web,8
data quality,documentation,8
anthropology,sociology,8
application programming interface,software,8
open data,operating system,8
graphical user interface,scripting language,8
library science,media studies,8
data mining,open science,8
digital library,engineering,8
multimedia,software,8
environmental resource management,public relations,8
qualitative property,social science,8
geography,identifier,8
citation,scholarly communication,8
data science,stakeholder,8
field (mathematics),psychology,8
cluster analysis,distributed computing,8
cluster analysis,operating system,8
data collection,electronic data capture,8
data management,health care,8
best practice,publishing,8
medicine,scholarly communication,8
evolutionary biology,gene,8
operating system,throughput,8
computer graphics (images),computer vision,8
computer science,visibility,8
psychology,scholarly communication,8
information retrieval,linguistics,8
pedagogy,work (physics),8
biology,publishing,8
data science,open peer review,8
data science,plant biology,8
library science,scopus,8
open peer review,political science,8
plant biology,political science,8
scopus,world wide web,8
open science,regional science,8
competence (human resources),political science,8
chromatography,reproducibility,8
neuroscience,open science,8
open source,psychology,8
sociology,subject (documents),8
software construction,world wide web,8
identifier,programming language,8
physics,python (programming language),8
history,medicine,8
pipeline (software),visualization,8
citizen science,transparency (behavior),8
statistics,transparency (behavior),8
context (archaeology),psychological intervention,8
history,psychology,8
empirical research,software,8
space (punctuation),world wide web,8
data governance,open data,8
data sharing,python (programming language),8
ecology,transparency (behavior),8
interoperability,law,8
interoperability,sociology,8
software,web service,8
commit,computer science,8
international trade,political science,8
artificial intelligence,robot,8
computer science,robot,8
data integration,data sharing,8
population,sociology,8
data collection,statistics,8
pedagogy,professional development,8
professional development,sociology,8
economic growth,medicine,8
computer science,grey literature,8
genomics,workflow,8
computer security,data mining,8
computer science,json,8
empirical research,engineering,8
data science,science policy,8
bioinformatics,python (programming language),8
documentation,mit license,8
mit license,python (programming language),8
geography,humanities,8
cloud computing,executable,8
programming language,usability,8
computer science,stakeholder engagement,8
political science,stakeholder engagement,8
public relations,stakeholder engagement,8
feature (linguistics),pattern recognition (psychology),8
modular design,source code,8
law,process (computing),8
open source,set (abstract data type),8
sociology,stakeholder,8
interoperability,key (lock),8
cloud computing,public relations,8
science policy,social science,8
biodiversity,business,8
sustainability,sustainability science,8
download,taxonomy (biology),8
open science,taxonomy (biology),8
personal software process,software development,8
computational biology,engineering,8
best practice,management,8
json,metadata,8
best practice,reusability,8
business,programming language,8
geography,statistics,8
biology,physiology,8
medicine,open peer review,8
medicine,plant biology,8
open peer review,physiology,8
physiology,plant biology,8
database,openness to experience,8
interface (matter),source code,8
machine learning,task (project management),8
psychology,thematic analysis,8
energy consumption,operating system,8
open science,pedagogy,8
key (lock),software deployment,8
management science,transparency (behavior),8
open research,transparency (behavior),8
chemistry,materials science,8
documentation,open source,8
context (archaeology),digital library,8
genome,programming language,8
data science,toolbox,8
software,static program analysis,8
process management,transparency (behavior),8
autonomy,political science,8
environmental science,medicine,8
analytics,metadata,8
code (set theory),code reuse,8
code reuse,reuse,8
code reuse,source code,8
computer science,data mapping,8
data mapping,database,8
big data,work (physics),8
citizen science,field (mathematics),8
ecology,engineering ethics,8
environmental ethics,political science,8
law,medline,8
clinical trial,medline,8
data extraction,medline,8
medline,population,8
biology,cartography,8
population,psychology,8
european union,law,8
health care,sociology,8
digitization,interoperability,8
data sharing,medical education,8
business,medline,8
acupuncture,internal medicine,8
acupuncture,medicine,8
internal medicine,surgery,8
cochrane library,systematic review,8
coronavirus disease 2019 (covid-19),engineering,8
family medicine,health care,8
computer science,psychiatry,8
machine learning,operating system,8
internal medicine,radiology,8
biology,infectious disease (medical specialty),8
infectious disease (medical specialty),severe acute respiratory syndrome coronavirus 2 (sars-cov-2),8
computer security,sociology,8
2019-20 coronavirus outbreak,internal medicine,8
disease,virology,8
internal medicine,severe acute respiratory syndrome coronavirus 2 (sars-cov-2),8
convolutional neural network,deep learning,8
computer vision,segmentation,8
information infrastructure,information system,8
information infrastructure,political science,8
economics,environmental resource management,8
mathematics education,political science,8
engineering,ontology,8
political science,preprint,8
ecology,geology,8
computational biology,machine learning,8
open data,open peer review,8
open data,plant biology,8
media studies,open science,8
health care,qualitative research,8
political science,sustainable development,8
pipeline (software),scalability,8
best practice,source code,8
data science,medical physics,8
protocol (science),public health,8
political science,statistics,8
leverage (statistics),software,8
benchmark (surveying),software,8
cinahl,psychology,8
context (archaeology),medline,8
presentation (obstetrics),scholarship,8
code (set theory),data collection,8
component (thermodynamics),operating system,7
grid computing,web service,7
metadata,web service,7
context (archaeology),workflow technology,7
geology,information retrieval,7
paleontology,provenance,7
service (business),workflow engine,7
service (business),workflow management system,7
computer network,workflow engine,7
computer network,workflow technology,7
distributed computing,theoretical computer science,7
resource (disambiguation),systems engineering,7
database,xml,7
computer science,quality management,7
geography,operations management,7
management science,operations management,7
computer science,dataflow,7
database,dataflow,7
dataflow,workflow,7
business,grid,7
computer security,grid,7
data discovery,workflow,7
access control,database,7
access control,workflow,7
artificial intelligence,resource (disambiguation),7
computer security,systems engineering,7
context (archaeology),resource (disambiguation),7
context (archaeology),task (project management),7
distributed computing,human–computer interaction,7
distributed computing,key (lock),7
distributed computing,resource management (computing),7
knowledge management,task (project management),7
grid computing,scheduling (production processes),7
business,function (biology),7
database,function (biology),7
function (biology),world wide web,7
service (business),systems engineering,7
multidisciplinary approach,social science,7
astronomy,geography,7
service (business),transparency (behavior),7
ecology,psychology,7
component (thermodynamics),systems engineering,7
computer science,petri net,7
database,point (geometry),7
e-science,resource (disambiguation),7
geology,grid,7
agriculture,business,7
agriculture,political science,7
engineering management,scientific management,7
control (management),work (physics),7
mathematics,operations research,7
mathematics,process management,7
mathematics,work (physics),7
operations research,process management,7
operations management,program management,7
computer security,confidentiality,7
context (archaeology),e-science,7
context (archaeology),grid,7
ontology,provenance,7
engineering management,presentation (obstetrics),7
engineering management,management information systems,7
engineering ethics,translational research,7
pathology,translational research,7
data science,open standard,7
information retrieval,semantic interoperability,7
process management,workflow management system,7
business,project charter,7
engineering management,project charter,7
project charter,systems engineering,7
distributed computing,exploit,7
grid,software deployment,7
engineering,software construction,7
database,replication (statistics),7
digital preservation,engineering,7
key (lock),reuse,7
agile software development,knowledge management,7
semantic web,software engineering,7
operations management,software,7
quality assurance,software,7
computer science,outcome (game theory),7
medicine,radiation therapy,7
artificial intelligence,focus (optics),7
data science,middleware (distributed applications),7
astrobiology,astronomy,7
astrophysics,physics,7
pipeline (software),workflow management system,7
cloud computing security,database,7
grid,scalability,7
engineering,product (mathematics),7
executable,process (computing),7
alternative medicine,public health,7
computer science,principal (computer security),7
data sharing,health care,7
data curation,digital preservation,7
computer science,the arts,7
geography,qualitative research,7
computer network,grid,7
consistency (knowledge bases),process (computing),7
computer science,focus group,7
process (computing),scale (ratio),7
big data,supercomputer,7
supercomputer,world wide web,7
computer science,current (fluid),7
data integration,semantic web,7
corporate governance,open science,7
documentation,psychology,7
management system,quality (philosophy),7
engineering management,order (exchange),7
finance,project management,7
digital library,metadata,7
metadata,the internet,7
economic growth,engineering,7
economics,higher education,7
medicine,value (mathematics),7
open source software,programming language,7
open source software,software engineering,7
database,robustness (evolution),7
context (archaeology),value (mathematics),7
library science,value (mathematics),7
earth system science,geology,7
information system,quality (philosophy),7
cyberinfrastructure,open science,7
open science,scale (ratio),7
computer science,scientific management,7
control (management),political science,7
computer science,summit,7
distributed computing,set (abstract data type),7
service (business),set (abstract data type),7
database,epistemology,7
programming language,semantics (computer science),7
semantic web,semantics (computer science),7
cheminformatics,database,7
cheminformatics,world wide web,7
data science,replicate,7
computer science,digital content,7
digital content,world wide web,7
key (lock),project management,7
operations management,project management triangle,7
management system,software engineering,7
operating system,standardization,7
database,perl,7
perl,programming language,7
perl,workflow,7
extreme project management,project management,7
marketing,open innovation,7
data curation,software engineering,7
exploit,programming language,7
flexibility (engineering),programming language,7
artifact (error),computer science,7
economics,work (physics),7
data science,vocabulary,7
information retrieval,vocabulary,7
work (physics),workflow management system,7
geography,management,7
geography,public administration,7
library science,state (computer science),7
marketing,public administration,7
public administration,service (business),7
automation,engineering management,7
benchmark (surveying),data mining,7
data science,traceability,7
database,traceability,7
software,traceability,7
citizen science,database,7
sparql,world wide web,7
center (category theory),computer science,7
event (particle physics),workflow,7
engineering,life-cycle assessment,7
knowledge management,ontology,7
economics,scholarly communication,7
leverage (statistics),political science,7
engineering management,open research,7
computer science,testbed,7
art,art history,7
data management,data processing,7
data mining,operations management,7
data mining,scheduling (production processes),7
agile software development,systems engineering,7
engineering management,software project management,7
operating system,real-time computing,7
provenance,workflow management system,7
chromatography,database,7
chromatography,mass spectrometry,7
computer science,mass spectrometry,7
scale (ratio),world wide web,7
computer data storage,data curation,7
computer data storage,workflow,7
management science,order (exchange),7
management,quality (philosophy),7
cartography,cyberinfrastructure,7
cartography,software,7
cyberinfrastructure,visualization,7
e-science,visualization,7
grid,visualization,7
computer science,earth observation,7
data integration,engineering,7
earth observation,remote sensing,7
artificial intelligence,interface (matter),7
variety (cybernetics),workflow technology,7
data collection,web application,7
data management,pathology,7
engineering,identification (biology),7
data mining,proteomics,7
proteomics,quantitative proteomics,7
neuroinformatics,workflow,7
business,productivity,7
economics,productivity,7
data curation,psychology,7
incentive,social science,7
algorithm,workflow management system,7
incentive,medicine,7
pace,world wide web,7
representation (politics),workflow,7
competence (human resources),psychology,7
data science,outreach,7
medicine,presentation (obstetrics),7
business,usability,7
interoperability,research data,7
metadata,publication,7
ecology,software engineering,7
digital preservation,workflow,7
computer network,engineering,7
provisioning,resource (disambiguation),7
resource (disambiguation),software deployment,7
cloud computing,engineering management,7
database,debugging,7
debugging,software,7
cloud computing,middleware (distributed applications),7
biology,data sharing,7
cloud computing,key (lock),7
environmental science,oceanography,7
environmental planning,risk analysis (engineering),7
project management,risk analysis (engineering),7
biology,economics,7
engineering,waste management,7
environmental science,life-cycle assessment,7
environmental science,waste management,7
computer science,tree (set theory),7
agency (philosophy),sociology,7
computer science,geographic information system,7
coding (social sciences),software engineering,7
social media,software engineering,7
computer science,data file,7
data file,database,7
interoperability,set (abstract data type),7
scripting language,source code,7
mechanical engineering,software engineering,7
biology,precision medicine,7
data science,precision medicine,7
data curation,management,7
database,management,7
biology,phylogenetic tree,7
mathematics,theoretical computer science,7
analytics,data analysis,7
competence (human resources),world wide web,7
engineering,identifier,7
cloud computing,flexibility (engineering),7
computer science,immunology,7
engineering,leverage (statistics),7
informatics,political science,7
cartography,ecology,7
resource (disambiguation),scale (ratio),7
database,drug discovery,7
operating system,reusability,7
coding (social sciences),software development,7
data management plan,software,7
engineering management,software deployment,7
process management,software deployment,7
data science,domain knowledge,7
engineering,regional science,7
information and communications technology,knowledge management,7
open data,the internet,7
management science,perspective (graphical),7
china,law,7
china,public relations,7
commons,data science,7
internet privacy,publishing,7
key (lock),mathematics,7
operating system,reliability (semiconductor),7
engineering,sociology of scientific knowledge,7
computer science,excellence,7
management science,public relations,7
data science,semantic computing,7
knowledge management,portfolio,7
distributed computing,interoperability,7
aerospace engineering,engineering,7
service (business),variety (cybernetics),7
digitization,political science,7
plug-in,workflow,7
ontology,reuse,7
reuse,workflow technology,7
bottleneck,database,7
bottleneck,workflow,7
computational biology,ecology,7
environmental science,production (economics),7
alliance,business,7
programming language,scale (ratio),7
geospatial analysis,open data,7
key (lock),research data,7
data sharing,mathematics,7
computational neuroscience,computer science,7
cloud computing,set (abstract data type),7
mathematical optimization,quality of service,7
citizen journalism,citizen science,7
citizen journalism,world wide web,7
context (archaeology),scope (computer science),7
computer graphics (images),data mining,7
engineering,research ethics,7
engineering ethics,research ethics,7
management,operations management,7
operations management,sociology,7
credibility,open science,7
multidisciplinary approach,public relations,7
cloud computing,computational science,7
software,software portability,7
cloud computing,schedule,7
mathematical optimization,schedule,7
computer science,institutional repository,7
institutional repository,political science,7
institutional repository,world wide web,7
scholarly communication,software,7
computer architecture,workflow,7
context (archaeology),domain (mathematical analysis),7
bioinformatics,visualization,7
physics,systems engineering,7
computer science,index (typography),7
finance,process management,7
discipline,work (physics),7
business,raw data,7
data curation,raw data,7
digitization,knowledge management,7
knowledge management,raw data,7
data governance,public relations,7
finance,marketing,7
mathematics,point (geometry),7
risk analysis (engineering),workflow,7
semantic integration,semantic web,7
coding (social sciences),engineering,7
artificial intelligence,representation (politics),7
cluster analysis,data science,7
data mining,feature (linguistics),7
crowdsourcing,data science,7
data science,simple (philosophy),7
digital curation,rdm,7
computer science,host (biology),7
artificial intelligence,genome,7
data mining,population,7
data science,software versioning,7
programming language,software versioning,7
algorithm,engineering,7
algorithm,programming language,7
engineering,parallel computing,7
geometry,mathematics,7
discoverability,political science,7
discoverability,publishing,7
cloud computing,software development,7
biochemistry,computational biology,7
bioinformatics,proteomics,7
computer science,extensibility,7
computer science,staffing,7
business,digital library,7
computer science,digital scholarship,7
digital scholarship,political science,7
software versioning,world wide web,7
benchmarking,software,7
computer science,teamwork,7
management,software,7
computer science,scientific literature,7
data science,system lifecycle,7
geography,telecommunications,7
process (computing),risk analysis (engineering),7
advertising,business,7
knowledge management,training (meteorology),7
psychology,training (meteorology),7
stewardship (theology),workflow,7
data management,open research,7
medicine,open research,7
personalized medicine,precision medicine,7
open innovation,openness to experience,7
reproducibility,software engineering,7
data management,leverage (statistics),7
bibliometrics,library science,7
public relations,thematic analysis,7
service (business),social science,7
e-science,interoperability,7
data element,metadata repository,7
data element,documentation,7
data element,metadata management,7
ecology,remote sensing,7
geography,satellite,7
biology,dna microarray,7
computational biology,visualization,7
computer science,dna microarray,7
computer science,transcriptome,7
dna microarray,gene,7
genetics,transcriptome,7
drug discovery,workflow,7
china,open science,7
neuroinformatics,neuroscience,7
business,qualitative property,7
data curation,qualitative property,7
data curation,variety (cybernetics),7
data management,qualitative property,7
data management,quality (philosophy),7
computer science,service provider,7
german,political science,7
history,public relations,7
engineering,training (meteorology),7
data sharing,dissemination,7
digital library,scholarly communication,7
gateway (web page),grid,7
law,scientific publishing,7
data science,popularity,7
data science,social network (sociolinguistics),7
political science,social media,7
social network (sociolinguistics),social network analysis,7
medicine,scale (ratio),7
social psychology,world wide web,7
data mining,environmental resource management,7
incentive,publishing,7
chemistry,computational chemistry,7
computational chemistry,computer science,7
context (archaeology),scalability,7
scalability,visualization,7
library science,process (computing),7
computer science,equity (law),7
digital humanities,political science,7
equity (law),sociology,7
computer science,parsing,7
parsing,software,7
computational biology,identification (biology),7
ecology,genetics,7
genetics,identification (biology),7
management,pedagogy,7
medicine,sample (material),7
psychology,sample (material),7
data mining,ontology,7
data science,ontology-based data integration,7
data science,space (punctuation),7
ontology-based data integration,semantic web,7
engineering,satellite,7
environmental science,metadata,7
political science,workforce,7
computer science,nuclear physics,7
database,semantic interoperability,7
computer graphics (images),visualization,7
javascript,world wide web,7
interoperability,telecommunications,7
artificial intelligence,upload,7
law,linguistics,7
knowledge management,public health,7
alliance,engineering,7
big data,data quality,7
big data,sociology,7
law,marketing,7
environmental resource management,open science,7
metadata,social science,7
computer security,library science,7
business,european research area,7
citizen journalism,public relations,7
computer science,european research area,7
european research area,open science,7
cloud computing,remote sensing,7
computer science,face (sociological concept),7
politics,social science,7
computer science,sociotechnical system,7
chemistry,statistics,7
institution,library science,7
raw data,scripting language,7
originality,rdm,7
demography,population,7
health policy,public health,7
embedded system,engineering,7
pipeline (software),software portability,7
operating system,pipeline transport,7
pipeline transport,software,7
engineering,source code,7
analytics,software engineering,7
computer science,software analytics,7
data science,software analytics,7
geospatial analysis,interoperability,7
software,software analytics,7
software analytics,software development,7
government (linguistics),open science,7
key (lock),psychology,7
engineering,stewardship (theology),7
data management,management science,7
electronic publishing,publishing,7
database,license,7
big data,variety (cybernetics),7
bridging (networking),workflow,7
business,outreach,7
data management,outreach,7
knowledge management,outreach,7
geology,geotechnical engineering,7
geology,mathematics,7
benchmark (surveying),software engineering,7
german,world wide web,7
political science,science education,7
identification (biology),software,7
data access,operating system,7
computer science,dashboard,7
art,engineering,7
data sharing,operations management,7
data sharing,plan (archaeology),7
linguistics,sociology,7
codebase,computer science,7
documentation,visualization,7
human–computer interaction,set (abstract data type),7
context (archaeology),law,7
context (archaeology),management,7
best practice,medical education,7
computer science,participatory action research,7
knowledge management,participatory action research,7
participatory action research,sociology,7
database,originality,7
computer science,cornerstone,7
environmental planning,medicine,7
environmental resource management,medicine,7
data quality,process (computing),7
engineering,qualitative property,7
operating system,toolbox,7
cartography,metadata,7
cyberinfrastructure,open data,7
bibliometrics,data science,7
data science,multimedia,7
cluster analysis,scheduling (production processes),7
health care,process management,7
cloud computing,open research,7
multidisciplinary approach,process (computing),7
geography,stewardship (theology),7
service (business),service delivery framework,7
computer architecture,operating system,7
data processing,operating system,7
data processing,world wide web,7
publishing,reuse,7
data mining,psychology,7
context (archaeology),research data,7
geography,hydrology (agriculture),7
data science,scopus,7
data management,transparency (behavior),7
computer science,family medicine,7
programming language,suite,7
computer science,rigour,7
citizen science,open research,7
law,social psychology,7
medicine,perspective (graphical),7
medicine,social psychology,7
perspective (graphical),psychology,7
computer science,software documentation,7
documentation,software documentation,7
software,software documentation,7
software development,software documentation,7
medicine,traditional medicine,7
conceptual framework,social science,7
conceptual framework,sociology,7
database,qualitative research,7
certification,computer science,7
originality,psychology,7
knowledge management,open source software,7
operating system,r package,7
replication (statistics),workflow,7
metadata,scope (computer science),7
corporate governance,open data,7
data sharing,field (mathematics),7
general partnership,world wide web,7
artificial intelligence,internal medicine,7
internal medicine,medical emergency,7
computer science,terabyte,7
data governance,data mining,7
knowledge management,systematic review,7
data collection,qualitative research,7
data collection,sample (material),7
publication,transparency (behavior),7
computer science,image processing,7
image (mathematics),image processing,7
data management,data visualization,7
mathematics education,world wide web,7
cohort,cohort study,7
engineering ethics,social psychology,7
risk analysis (engineering),software engineering,7
fault tolerance,scheduling (production processes),7
data center,data science,7
best practice,computer security,7
computer science,information privacy,7
mathematics education,open science,7
annotation,gene,7
annotation,genetics,7
bioinformatics,documentation,7
artificial intelligence,usability,7
information retrieval,usability,7
data processing,software,7
database,json,7
preprocessor,workflow,7
computer science,readability,7
preprint,publishing,7
science policy,world wide web,7
software development,software system,7
law,medical education,7
citizen science,science communication,7
cluster analysis,engineering,7
domain (mathematical analysis),mathematics,7
clinical trial,interoperability,7
medicine,open source,7
open source,sociology,7
business,stakeholder engagement,7
engineering,stakeholder engagement,7
knowledge management,stakeholder engagement,7
medicine,scope (computer science),7
database,spatial analysis,7
medical education,open science,7
field (mathematics),open research,7
citation,library science,7
alternative medicine,data management,7
medicine,stakeholder,7
open science,presentation (obstetrics),7
data management,semantic web,7
open science,variety (cybernetics),7
data science,humanities,7
economics,open innovation,7
identifier,software,7
information retrieval,quality (philosophy),7
focus (optics),work (physics),7
deep learning,python (programming language),7
computer network,job shop scheduling,7
ecology,open source,7
neuroscience,world wide web,7
analytics,open data,7
mathematics,population,7
population,statistics,7
operating system,preprocessor,7
coding (social sciences),knowledge management,7
biology,human–computer interaction,7
programming language,statistics,7
biology,modular design,7
medicine,physiology,7
open education,political science,7
open education,world wide web,7
cognitive psychology,psychology,7
computer science,data set,7
data mining,deep learning,7
data science,deep learning,7
blockchain,business,7
dissemination,geography,7
engineering ethics,stakeholder,7
open science,stakeholder,7
medicine,physics,7
alternative medicine,management science,7
python (programming language),toolbox,7
database,efficient energy use,7
efficient energy use,workflow,7
metadata,usable,7
open education,sociology,7
data type,world wide web,7
openness to experience,value (mathematics),7
peer review,political science,7
information retrieval,terminology,7
citizen science,ecology,7
citizen science,work (physics),7
blockchain,transparency (behavior),7
open research,software engineering,7
documentation,open data,7
context (archaeology),relevance (law),7
code (set theory),process (computing),7
database,empirical research,7
code (set theory),open source,7
code review,static program analysis,7
parallel computing,scheduling (production processes),7
chemistry,machine learning,7
genetics,microbiome,7
analytics,data management,7
artificial intelligence,bayesian probability,7
artificial intelligence,econometrics,7
bayesian probability,computer science,7
data mapping,data science,7
data mapping,world wide web,7
medical physics,medline,7
interoperability,software deployment,7
artificial intelligence,data curation,7
open science,protocol (science),7
best practice,citizen science,7
best practice,documentation,7
computer security,risk analysis (engineering),7
computer science,quantum mechanics,7
physics,quantum mechanics,7
citizen science,social science,7
engineering ethics,interoperability,7
computer science,maturity (psychological),7
automation,interoperability,7
corporate governance,social science,7
health care,telemedicine,7
linguistics,metadata,7
environmental health,medline,7
artificial intelligence,automation,7
knowledge management,medline,7
political science,ukrainian,7
checklist,computer science,7
context (archaeology),environmental resource management,7
acupuncture,pathology,7
alternative medicine,surgery,7
cochrane library,randomized controlled trial,7
medline,physical therapy,7
medline,randomized controlled trial,7
pathology,physical therapy,7
pathology,randomized controlled trial,7
physical therapy,surgery,7
randomized controlled trial,surgery,7
diabetes mellitus,medicine,7
endocrinology,medicine,7
coronavirus disease 2019 (covid-19),world wide web,7
engineering,space (punctuation),7
cochrane library,disease,7
disease,meta-analysis,7
disease,psychiatry,7
internal medicine,psychiatry,7
coronavirus disease 2019 (covid-19),public health,7
internal medicine,pandemic,7
alternative medicine,family medicine,7
family medicine,pathology,7
blueprint,computer science,7
blueprint,engineering,7
best practice,open research,7
2019-20 coronavirus outbreak,infectious disease (medical specialty),7
biology,pandemic,7
engineering ethics,mathematics education,7
disease,severe acute respiratory syndrome coronavirus 2 (sars-cov-2),7
coronavirus disease 2019 (covid-19),outbreak,7
medicine,outbreak,7
outbreak,pandemic,7
outbreak,virology,7
political science,preparedness,7
convolutional neural network,machine learning,7
code (set theory),work (physics),7
disease,population,7
citation,open science,7
presentation (obstetrics),rdm,7
e-science,open data,7
business,information infrastructure,7
computer science,information infrastructure,7
library science,regional science,7
efficient energy use,engineering,7
nursing,systematic review,7
artificial intelligence,computational science,7
geography,population,7
law,physics,7
gene,mathematics,7
medicine,preprint,7
json,world wide web,7
medline,psycinfo,7
business,sustainable development,7
computer science,sustainable development,7
open science,rdm,7
deep learning,pattern recognition (psychology),7
data set,set (abstract data type),7
medical physics,radiomics,7
art,open science,7
checklist,medicine,7
protocol (science),psychology,7
engineering ethics,open innovation,7
neuroscience,political science,7
data science,nursing,7
grey literature,psychology,7
software deployment,software development,7
context (archaeology),nursing,7
best practice,web application,7
equity (law),open science,7
data modeling,metadata,7
context (archaeology),digital transformation,7
grey literature,nursing,7
grey literature,psychological intervention,7
nursing,qualitative research,7
digital library,focus (optics),7
health services research,medline,7
code reuse,reusability,7
code reuse,web application,7
reuse,web application,7
computer science,semantic grid,6
cyberinfrastructure,grid computing,6
grid,semantic grid,6
grid computing,semantic grid,6
semantic grid,world wide web,6
cancer research,medicine,6
artificial intelligence,web service,6
service (business),workflow technology,6
similarity (geometry),workflow,6
web service,workflow management system,6
computer network,systems engineering,6
computer network,task (project management),6
resource (disambiguation),task (project management),6
resource (disambiguation),workflow engine,6
resource (disambiguation),workflow technology,6
mathematics,social science,6
order (exchange),social science,6
engineering ethics,plan (archaeology),6
engineering management,quality management,6
authorization,computer science,6
computer security,grid computing,6
data discovery,service (business),6
orchestration,software engineering,6
human–computer interaction,workflow management system,6
resource management (computing),workflow,6
china,database,6
china,service (business),6
function (biology),management system,6
geography,key (lock),6
geography,web service,6
key (lock),operations management,6
management system,world wide web,6
schema (genetic algorithms),software engineering,6
computer network,gateway (web page),6
computer network,server,6
distributed computing,gateway (web page),6
distributed computing,server,6
astronomy,data science,6
discipline,workflow,6
dissemination,process (computing),6
process (computing),telecommunications,6
scholarly communication,telecommunications,6
engineering ethics,systems engineering,6
management science,opm3,6
correctness,software engineering,6
database,petri net,6
engineering management,workflow technology,6
petri net,software engineering,6
petri net,workflow,6
systems engineering,windows workflow foundation,6
architecture,distributed computing,6
architecture,workflow management system,6
point (geometry),software engineering,6
computational science,visualization,6
computer science,plasma,6
physics,plasma,6
agriculture,engineering,6
operations management,work (physics),6
biology,provenance,6
computer science,relational database,6
database,relational database,6
engineering management,mechanical engineering,6
engineering management,telecommunications,6
mechanical engineering,systems engineering,6
operations research,systems engineering,6
engineering management,scope (computer science),6
multidisciplinary approach,process management,6
process management,scope (computer science),6
management system,opm3,6
management system,program management,6
context (archaeology),ontology,6
context (archaeology),semantic web,6
e-science,information retrieval,6
software,workbench,6
engineering,workflow management coalition,6
engineering management,workflow engine,6
management information systems,systems engineering,6
reuse,systems engineering,6
knowledge management,pathology,6
knowledge management,translational research,6
data element,meta data services,6
geospatial metadata,information retrieval,6
information retrieval,open source,6
interoperability,open source,6
metadata,open standard,6
metadata,semantic interoperability,6
computer security,workflow technology,6
business,project planning,6
project charter,project planning,6
schedule,systems engineering,6
grid,parallel computing,6
grid computing,software deployment,6
middleware (distributed applications),workflow management system,6
software,software system,6
agile software development,business,6
agile software development,workflow,6
business process,computer science,6
business process,work in process,6
knowledge management,semantic web,6
computer science,reputation,6
intellectual property,law,6
internet privacy,knowledge management,6
knowledge management,law,6
process (computing),scope (computer science),6
quality (philosophy),software quality,6
dicom,operating system,6
medical physics,radiation therapy,6
computer science,natural (archaeology),6
computer science,workspace,6
data curation,publication,6
publication,research data,6
workflow,workspace,6
astronomy,remote sensing,6
job shop scheduling,mathematics,6
distributed computing,pipeline (software),6
cloud computing security,operating system,6
cloud computing security,workflow,6
grid computing,supercomputer,6
marketing,project management,6
alternative medicine,disease,6
confidentiality,data sharing,6
construct (python library),process (computing),6
engineering ethics,set (abstract data type),6
political science,the arts,6
set (abstract data type),sociology,6
value (mathematics),workflow,6
operating system,protocol (science),6
biology,genotyping,6
genetics,genotyping,6
genotype,genotyping,6
relevance (law),workflow,6
abstraction,software engineering,6
focus group,knowledge management,6
process management,scale (ratio),6
process management,set (abstract data type),6
set (abstract data type),work (physics),6
management information systems,political science,6
architecture,big data,6
computer science,ibm,6
database,ibm,6
ibm,workflow,6
current (fluid),engineering,6
data integration,software engineering,6
middleware (distributed applications),web service,6
corporate governance,public administration,6
documentation,sociology,6
engineering ethics,public administration,6
engineering ethics,science policy,6
epistemology,public relations,6
business,epistemology,6
business,quality management,6
control (management),quality (philosophy),6
epistemology,process management,6
business,computer network,6
computer security,publication,6
computer science,flow (mathematics),6
key (lock),workflow engine,6
workflow management coalition,xpdl,6
grid,interface (matter),6
interface (matter),upload,6
operating system,usability,6
engineering management,finance,6
order (exchange),project management,6
advertising,world wide web,6
archaeology,library science,6
archaeology,metadata,6
license,metadata,6
metadata,suite,6
economic growth,sociology,6
engineering,higher education,6
engineering management,mathematics education,6
higher education,mathematics education,6
higher education,pedagogy,6
operations management,scheduling (production processes),6
database,personalization,6
computer science,scientific discovery,6
data science,scientific discovery,6
climate change,geology,6
discipline,library science,6
cloud storage,computer science,6
computer science,strengths and weaknesses,6
big data,e-science,6
distributed computing,scale (ratio),6
astrobiology,computer science,6
astrobiology,earth (classical element),6
earth (classical element),geology,6
accounting,marketing,6
business,revenue,6
computer science,revenue,6
interoperability,provenance,6
artificial intelligence,operations research,6
knowledge management,operations research,6
management science,operations research,6
process (computing),scientific management,6
geography,summit,6
data management,e-science,6
data management,grid,6
e-science,service (business),6
e-science,set (abstract data type),6
middleware (distributed applications),software,6
philosophy,world wide web,6
cyberinfrastructure,remote sensing,6
cheminformatics,software,6
cheminformatics,workflow,6
chemistry,software engineering,6
database,information management,6
management science,project management triangle,6
function (biology),process (computing),6
management,software engineering,6
knowledge management,novelty,6
extreme project management,opm3,6
cyberinfrastructure,process (computing),6
construct (python library),programming language,6
data curation,programming language,6
authentication (law),computer science,6
context (archaeology),exploit,6
distributed computing,flexibility (engineering),6
flexibility (engineering),process (computing),6
audit,engineering,6
audit,process management,6
computer science,reading (process),6
management,program management,6
process (computing),project management triangle,6
programming language,resource (disambiguation),6
maturity (psychological),political science,6
work (physics),workflow technology,6
business,outsourcing,6
computer science,outsourcing,6
economics,service (business),6
economics,state (computer science),6
benchmarking,operating system,6
computer science,granularity,6
cloud computing,orchestration,6
computer science,scientific instrument,6
data science,scientific instrument,6
orchestration,software deployment,6
raw data,software engineering,6
information retrieval,scalability,6
cluster (spacecraft),computer science,6
context (archaeology),dissemination,6
database,event (particle physics),6
computer science,life-cycle assessment,6
economics,life-cycle assessment,6
life-cycle assessment,production (economics),6
life-cycle assessment,sustainability,6
e-science,open research,6
engineering,mechanism (biology),6
open research,reuse,6
informatics,software engineering,6
knowledge sharing,world wide web,6
computer science,heuristics,6
data visualization,human–computer interaction,6
provenance,visualization,6
art,philosophy,6
data processing,engineering,6
computer science,probabilistic logic,6
agile software development,engineering management,6
engineering,software project management,6
engineering,structuring,6
process management,software project management,6
project management,software development,6
project management,software engineering,6
project management,software project management,6
software project management,systems engineering,6
context (archaeology),corporate governance,6
operations research,project management,6
operating system,provenance,6
provenance,workflow engine,6
chromatography,data mining,6
collaborative software,computer science,6
collaborative software,data science,6
collaborative software,workflow,6
collaborative software,world wide web,6
data science,history,6
database,history,6
database,sample (material),6
information repository,workflow,6
data science,perception,6
business,project manager,6
data mining,decision support system,6
business,investment (military),6
key (lock),quality (philosophy),6
management,management science,6
incentive,psychology,6
overhead (engineering),programming language,6
context (archaeology),visualization,6
data mining,geology,6
earth observation,engineering,6
variety (cybernetics),visualization,6
sustainability,work (physics),6
biobank,database,6
biobank,medicine,6
data management,health informatics,6
data management,suite,6
data science,health informatics tools,6
database,health informatics tools,6
health informatics,health informatics tools,6
health informatics tools,workflow,6
software engineering,web application,6
web application,workflow,6
knowledge management,terminology,6
biology,distributed computing,6
engineering ethics,physics,6
function (biology),political science,6
software portability,world wide web,6
r package,workflow,6
raw data,software,6
artificial intelligence,neuroinformatics,6
database,neuroimaging,6
neuroimaging,workflow,6
engineering ethics,incentive,6
knowledge management,perception,6
psychology,work (physics),6
domain (mathematical analysis),task (project management),6
medicine,task (project management),6
psychology,service (business),6
information retrieval,scripting language,6
database,representation (politics),6
competence (human resources),engineering management,6
pedagogy,process (computing),6
outreach,workflow,6
information retrieval,similarity (geometry),6
provenance,workflow technology,6
computer network,scalability,6
computer network,software deployment,6
software deployment,workflow technology,6
file format,programming language,6
data management,ontology,6
adaptation (eye),database,6
biology,scale (ratio),6
data sharing,ecology,6
geography,publication,6
open science,pace,6
provisioning,workflow engine,6
business,politics,6
business,relevance (law),6
european union,public administration,6
climatology,computer science,6
climatology,environmental science,6
climatology,geology,6
biology,computer security,6
agency (philosophy),political science,6
artificial intelligence,function (biology),6
geographic information system,geography,6
geographic information system,workflow,6
coding (social sciences),programming language,6
architecture,context (archaeology),6
data management,supercomputer,6
computational model,computer science,6
database,ranking (information retrieval),6
information retrieval,ranking (information retrieval),6
information retrieval,reuse,6
database,mechanical engineering,6
big data,biology,6
computer science,data exchange,6
data exchange,world wide web,6
engineering,european union,6
computer science,maintainability,6
maintainability,software engineering,6
cloud computing,geospatial analysis,6
python (programming language),workflow management system,6
computer science,phylogenetic tree,6
computer science,data analysis,6
data analysis,data mining,6
data analysis,data science,6
identifier,knowledge management,6
computational biology,immunology,6
computational biology,information retrieval,6
computer science,peer review,6
alternative medicine,workflow,6
computer science,information technology,6
health care,medical education,6
documentation,geography,6
programming language,usable,6
information system,workflow,6
domain (mathematical analysis),domain knowledge,6
domain (mathematical analysis),key (lock),6
information retrieval,key (lock),6
documentation,multimedia,6
data model (gis),world wide web,6
business,information and communications technology,6
big data,informatics,6
action (physics),business,6
action (physics),political science,6
data publishing,data science,6
data publishing,metadata,6
data science,intellectual property,6
internet privacy,open data,6
artifact (error),workflow,6
executable,workflow engine,6
executable,workflow technology,6
computer science,dimension (graph theory),6
credibility,workflow,6
data management,institution,6
database,institution,6
institution,work (physics),6
computer science,conceptual model,6
conceptual model,knowledge management,6
data model (gis),database,6
database,semantic computing,6
reusability,systems engineering,6
publication,software,6
business,informatics,6
business,position (finance),6
computer science,position (finance),6
knowledge management,position (finance),6
simulation,workflow,6
reuse,set (abstract data type),6
process (computing),variety (cybernetics),6
geology,operating system,6
cultural heritage,world wide web,6
plug-in,software engineering,6
big data,reuse,6
archaeology,environmental resource management,6
architecture,process management,6
automation,programming language,6
computational biology,software engineering,6
database,metagenomics,6
ecology,economics,6
alliance,data science,6
interoperability,the internet,6
domain (mathematical analysis),scalability,6
interface (matter),software development,6
data management,upload,6
engineering management,publishing,6
key (lock),publishing,6
key (lock),rdm,6
key (lock),scholarly communication,6
data sharing,perspective (graphical),6
benchmarking,knowledge management,6
artificial intelligence,computational neuroscience,6
data science,relation (database),6
computer graphics (images),workflow,6
application lifecycle management,data management,6
business,clinical trial,6
business,electronic data capture,6
informed consent,medicine,6
plan (archaeology),research data,6
distributed computing,software portability,6
engineering,open source software,6
environmental science,operating system,6
accounting,data science,6
accounting,transparency (behavior),6
computer security,information retrieval,6
data curation,resource (disambiguation),6
data management,multidisciplinary approach,6
resource (disambiguation),sociology,6
gateway (web page),interface (matter),6
human–computer interaction,interface (matter),6
big data,health care,6
quality (philosophy),work (physics),6
computational science,grid,6
asset (computer security),computer security,6
asset (computer security),data science,6
computer architecture,distributed computing,6
context (archaeology),data quality,6
bioinformatics,information retrieval,6
management,medical education,6
data mining,physics,6
cartography,political science,6
mathematics,quality (philosophy),6
accounting,process management,6
control (management),management,6
finance,management,6
engineering ethics,scholarly communication,6
business,digitization,6
data management,digitization,6
raw data,reuse,6
data sharing,discipline,6
open research,social science,6
corporate governance,rdm,6
data governance,marketing,6
data quality,research data,6
public administration,rdm,6
best practice,data governance,6
best practice,data quality,6
risk analysis (engineering),world wide web,6
computer science,semantic integration,6
computer science,table (database),6
data science,function (biology),6
programming language,software construction,6
knowledge management,physics,6
open data,physics,6
epidemiology,medicine,6
data management plan,variety (cybernetics),6
engineering management,variety (cybernetics),6
rdm,variety (cybernetics),6
overhead (engineering),workflow management system,6
data collection,health care,6
artificial intelligence,population,6
human–computer interaction,software development,6
computational science,engineering,6
computer science,geometry,6
mathematics,parallel computing,6
discoverability,workflow,6
extensibility,software engineering,6
computer science,timeline,6
digital library,scholarship,6
mandate,world wide web,6
point (geometry),political science,6
computer science,data dictionary,6
data dictionary,metadata,6
data dictionary,world wide web,6
benchmarking,software engineering,6
data management,python (programming language),6
capability maturity model,computer science,6
incentive,quality (philosophy),6
data management,mandate,6
medicine,training (meteorology),6
computer data storage,data management plan,6
data management plan,information repository,6
data science,provisioning,6
virtual machine,world wide web,6
ecology,environmental health,6
geography,public health,6
open research,openness to experience,6
big data,medicine,6
computational biology,personalized medicine,6
medicine,precision medicine,6
internet privacy,psychology,6
psychology,the internet,6
informatics,nursing,6
implementation,workflow,6
reproducibility,software,6
pipeline (software),process (computing),6
higher education,library science,6
commons,database,6
commons,workflow,6
quality (philosophy),sociology,6
political science,usability,6
geography,reuse,6
data element,data management plan,6
meta data services,workflow,6
computer science,workstation,6
operating system,workstation,6
computational biology,dna microarray,6
dna microarray,genetics,6
business,sociology of scientific knowledge,6
china,sociology,6
big data,data integration,6
computer science,search engine indexing,6
data mining,neuroscience,6
documentation,publication,6
art,literature,6
computer science,literature,6
political science,programming language,6
corporate governance,process management,6
art history,computer science,6
business,service provider,6
german,library science,6
digital library,digitization,6
digital library,relevance (law),6
adaptation (eye),data science,6
adaptation (eye),world wide web,6
humanities,law,6
political science,risk analysis (engineering),6
data science,institution,6
bridging (networking),computer security,6
computer security,software development,6
marketing,quality (philosophy),6
incentive,law,6
computer science,molecular dynamics,6
annotation,software,6
parsing,programming language,6
data curation,ecology,6
ecology,evolutionary biology,6
geography,medical education,6
computer science,workforce,6
computer science,repurposing,6
library science,outreach,6
algorithm,computer network,6
cloud computing,exploit,6
citizen science,data sharing,6
big data,computer security,6
operating system,usable,6
software,virtual machine,6
benchmarking,python (programming language),6
operating system,suite,6
cyberinfrastructure,software engineering,6
gateway (web page),software engineering,6
implementation,world wide web,6
best practice,cloud computing,6
open source,service (business),6
public health,sociology,6
alliance,knowledge management,6
discipline,service (business),6
engineering,state (computer science),6
computer science,survey data collection,6
data sharing,usability,6
astronomy,open science,6
astronomy,political science,6
data science,meteorology,6
earth science,physics,6
profiling (computer programming),workflow,6
corporate governance,world wide web,6
business,training (meteorology),6
development (topology),engineering,6
data access,public relations,6
data access,research data,6
marketing,open science,6
data sharing,presentation (obstetrics),6
artificial intelligence,ensemble learning,6
computer science,ensemble learning,6
data mining,robustness (evolution),6
ensemble learning,machine learning,6
machine learning,robustness (evolution),6
business,commission,6
european commission,open science,6
multidisciplinary approach,open science,6
curriculum,sociology,6
curriculum,world wide web,6
astronomy,earth (classical element),6
earth (classical element),physics,6
face (sociological concept),social science,6
media studies,politics,6
data collection,data governance,6
knowledge management,sociotechnical system,6
engineering,reproducibility,6
business,environmental health,6
global health,medicine,6
global health,political science,6
population,public health,6
cloud computing,scope (computer science),6
cloud computing,embedded system,6
analytics,software analytics,6
geospatial analysis,software engineering,6
key (lock),sociology,6
open source,software development,6
data access,internet privacy,6
computer security,software deployment,6
data mining,transparency (behavior),6
metadata,source code,6
license,programming language,6
license,workflow,6
population,world wide web,6
python (programming language),structural bioinformatics,6
documentation,mathematics,6
rdm,resource (disambiguation),6
cloud computing,the internet,6
bridging (networking),database,6
engineering,reliability (semiconductor),6
computer science,geomorphology,6
computer science,geotechnical engineering,6
geology,geomorphology,6
mechanics,physics,6
executable,software,6
benchmark (surveying),scheduling (production processes),6
legislation,political science,6
ecology,reuse,6
identification (biology),mathematics,6
dashboard,data science,6
digital humanities,knowledge management,6
digital preservation,service (business),6
interoperability,marketing,6
computer science,nonprobability sampling,6
business,business model,6
business model,computer science,6
business model,knowledge management,6
business model,marketing,6
digital library,service (business),6
data access,software,6
codebase,software engineering,6
human–computer interaction,scripting language,6
human–computer interaction,source code,6
plug-in,world wide web,6
focus group,sociology,6
medical education,process (computing),6
multimedia,psychology,6
chemistry,information retrieval,6
computer science,literacy,6
artificial intelligence,computation,6
environmental health,public relations,6
cloud computing,cloudsim,6
cloud computing,heuristic,6
cloudsim,computer science,6
cloudsim,database,6
cloudsim,distributed computing,6
cloudsim,operating system,6
cloudsim,workflow,6
computer science,heuristic,6
database,heuristic,6
distributed computing,heuristic,6
heuristic,operating system,6
heuristic,workflow,6
context (archaeology),information system,6
geospatial metadata,metadata repository,6
interoperability,metadata repository,6
biobank,biology,6
engineering,traceability,6
data mining,image (mathematics),6
database,image (mathematics),6
cluster analysis,workflow management system,6
data management,electronic data capture,6
best practice,scholarly communication,6
process (computing),suite,6
genome,metagenomics,6
bioinformatics,context (archaeology),6
computer science,web of science,6
medline,web of science,6
open science,plan (archaeology),6
plan (archaeology),scholarship,6
digitization,geography,6
computer science,consolidation (business),6
computer architecture,software engineering,6
scalability,task (project management),6
computer science,metric (unit),6
context (archaeology),identifier,6
data management plan,library science,6
identifier,library science,6
identifier,political science,6
computational biology,scalability,6
bioinformatics,metabolomics,6
biology,metabolomics,6
computer science,metabolomics,6
database,metabolomics,6
metabolomics,workflow,6
parsing,workflow,6
marketing,software,6
curriculum,engineering,6
epistemology,law,6
applied psychology,computer science,6
citizen science,library science,6
citizen science,publishing,6
medline,publishing,6
medline,workflow,6
open science,scopus,6
psychology,scopus,6
publishing,scientific communication,6
art,geography,6
management,open innovation,6
diversity (politics),engineering,6
government (linguistics),medicine,6
computer science,metadata modeling,6
data management,metadata modeling,6
database,metadata modeling,6
metadata modeling,workflow,6
metadata modeling,world wide web,6
astronomy,cloud computing,6
computer science,spark (programming language),6
database,spark (programming language),6
spark (programming language),workflow,6
data sharing,raw data,6
public relations,subject (documents),6
inclusion (mineral),political science,6
inclusion (mineral),public relations,6
identifier,unique identifier,6
data mining,genomics,6
documentation,software construction,6
software construction,software documentation,6
social network (sociolinguistics),software engineering,6
computer science,conceptual framework,6
management,originality,6
management,value (mathematics),6
european union,library science,6
empirical research,process (computing),6
empirical research,software engineering,6
empirical research,world wide web,6
engineering,fault tolerance,6
presentation (obstetrics),service (business),6
business,staffing,6
download,ecology,6
interoperability,social science,6
environmental science,geotechnical engineering,6
geology,machine learning,6
software,virtual reality,6
commit,database,6
incentive,process (computing),6
computer vision,database,6
computer vision,workflow,6
cloud computing,data curation,6
economics,field (mathematics),6
management science,systematic review,6
cloud computing,data access,6
data collection,qualitative property,6
knowledge management,statistics,6
quality (philosophy),risk analysis (engineering),6
artificial intelligence,image processing,6
image (mathematics),software,6
pipeline transport,programming language,6
best practice,rdm,6
digitization,library science,6
data science,spatial analysis,6
computer science,information literacy,6
computer science,professional development,6
information literacy,sociology,6
computer security,scalability,6
grey literature,world wide web,6
agile software development,software development process,6
data publishing,workflow,6
computer security,information privacy,6
data science,information privacy,6
data sharing,information privacy,6
knowledge management,productivity,6
metadata,visualization,6
mathematics,mathematics education,6
annotation,pipeline (software),6
curriculum,knowledge management,6
programming language,publishing,6
programming language,readability,6
equity (law),open data,6
open data,resource (disambiguation),6
focus (optics),software,6
citizen science,science education,6
bioinformatics,source code,6
data mining,mit license,6
knowledge management,subject (documents),6
open source,physics,6
scale (ratio),sociology,6
open data,stakeholder,6
stakeholder,work (physics),6
political science,research ethics,6
geographic information system,software,6
spatial analysis,workflow,6
linked data,open data,6
open data,semantic web,6
operating system,raw data,6
business,citation,6
computer science,research design,6
medicine,research design,6
research design,sociology,6
information system,social science,6
engineering ethics,sustainability,6
data science,mit license,6
mit license,world wide web,6
data science,ecosystem,6
ecology,work (physics),6
management,scholarly communication,6
interoperability,object (grammar),6
psychology,public health,6
economics,open data,6
open data,order (exchange),6
political science,production (economics),6
data science,environmental planning,6
point (geometry),set (abstract data type),6
data sharing,programming language,6
data mining,resource (disambiguation),6
operating system,workbench,6
business,sustainability science,6
deep learning,operating system,6
political science,structuring,6
job shop scheduling,workflow management system,6
engineering,research integrity,6
engineering ethics,research integrity,6
art,law,6
neuroinformatics,psychology,6
neuroscience,open data,6
corporate governance,law,6
corporate governance,transparency (behavior),6
data quality,information system,6
open data,sustainability,6
codebase,software,6
modular design,visualization,6
personal software process,software,6
personal software process,software development process,6
comparability,computer science,6
domain (mathematical analysis),metadata,6
preprocessor,software,6
artificial intelligence,software deployment,6
best practice,plan (archaeology),6
alliance,public relations,6
annotation,python (programming language),6
bottleneck,embedded system,6
distributed computing,embedded system,6
best practice,programming language,6
cartography,programming language,6
code (set theory),documentation,6
action (physics),knowledge management,6
computer science,physiology,6
neuroscience,open peer review,6
neuroscience,physiology,6
neuroscience,plant biology,6
computer science,core (optical fiber),6
discoverability,information retrieval,6
information retrieval,publishing,6
computer science,virtual reality,6
human–computer interaction,virtual reality,6
knowledge management,open education,6
biology,environmental ethics,6
engineering,environmental ethics,6
documentation,key (lock),6
deep learning,segmentation,6
blockchain,world wide web,6
environmental resource management,transparency (behavior),6
reproducibility,transparency (behavior),6
engineering ethics,stakeholder engagement,6
computer science,dynamics (music),6
alternative medicine,medical physics,6
pedagogy,workflow,6
mathematics,replication (statistics),6
bioinformatics,identification (biology),6
cancer,gene,6
cancer,genetics,6
geology,interoperability,6
data quality,geography,6
efficient energy use,energy consumption,6
efficient energy use,operating system,6
energy consumption,scheduling (production processes),6
adaptation (eye),engineering,6
open education,pedagogy,6
data science,data type,6
data type,database,6
epistemology,social psychology,6
open science,philosophy,6
data collection,descriptive statistics,6
empirical research,sociology,6
empirical research,workflow,6
computer security,data curation,6
database,geospatial metadata,6
flexibility (engineering),pipeline (software),6
chemistry,environmental science,6
environmental engineering,environmental science,6
materials science,mathematics,6
materials science,metallurgy,6
ecosystem,geography,6
geography,natural (archaeology),6
computer science,data integrity,6
applied psychology,medicine,6
cognition,psychology,6
physical therapy,psychology,6
genetics,software,6
genome,software,6
genetics,statistics,6
internal medicine,mathematics,6
open science,scope (computer science),6
programming language,sociology,6
empirical research,mathematics,6
code (set theory),code review,6
code (set theory),software development,6
code (set theory),static program analysis,6
code review,computer science,6
code review,workflow,6
software development,static program analysis,6
political science,terminology,6
data mining,leverage (statistics),6
data quality,quality assurance,6
data science,quality assurance,6
autonomy,computer science,6
metagenomics,microbiome,6
management,rdm,6
protocol (science),software,6
information retrieval,open data,6
relevance (law),software,6
data extraction,medicine,6
data mining,spatial analysis,6
information retrieval,mathematics,6
alternative medicine,psychiatry,6
genetics,python (programming language),6
open research,work (physics),6
open science,preprint,6
management science,open science,6
computer science,tanzania,6
political science,tanzania,6
citizen science,openness to experience,6
identification (biology),knowledge management,6
biology,oncology,6
law,space (punctuation),6
computer science,snapshot (computer storage),6
focus (optics),political science,6
computer science,meta-analysis,6
economics,environmental economics,6
engineering,environmental economics,6
pipeline transport,software engineering,6
readability,software engineering,6
law,workflow,6
interoperability,multidisciplinary approach,6
data mining,toolbox,6
interoperability,scope (computer science),6
geography,medline,6
genetics,geography,6
qualitative research,systematic review,6
software deployment,usability,6
checklist,data science,6
audit,documentation,6
context (archaeology),environmental science,6
database,deep learning,6
digital library,work (physics),6
computer science,knowledge graph,6
data science,knowledge graph,6
information retrieval,knowledge graph,6
metadata,pipeline (software),6
acupuncture,medline,6
pathology,surgery,6
diabetes mellitus,endocrinology,6
diabetes mellitus,internal medicine,6
endocrinology,internal medicine,6
internal medicine,systematic review,6
developing country,economic growth,6
developing country,economics,6
health services research,medicine,6
computational biology,statistics,6
coronavirus disease 2019 (covid-19),sociology,6
engineering,pandemic,6
law,pandemic,6
pandemic,world wide web,6
data collection,mathematics,6
annotation,genome,6
cochrane library,psychiatry,6
artificial intelligence,drug discovery,6
coronavirus disease 2019 (covid-19),nursing,6
disease,intensive care medicine,6
infectious disease (medical specialty),internal medicine,6
infectious disease (medical specialty),public health,6
pandemic,public health,6
artificial neural network,data mining,6
data mining,data type,6
analytics,medicine,6
biology,history,6
internal medicine,protocol (science),6
alternative medicine,intensive care medicine,6
intensive care medicine,meta-analysis,6
deep learning,software,6
open science,open standard,6
natural language processing,psychology,6
cancer,medical physics,6
medical physics,oncology,6
2019-20 coronavirus outbreak,pathology,6
biology,severe acute respiratory syndrome coronavirus 2 (sars-cov-2),6
pathology,severe acute respiratory syndrome coronavirus 2 (sars-cov-2),6
artificial intelligence,speech recognition,6
2019-20 coronavirus outbreak,disease,6
econometrics,economics,6
disease,environmental health,6
disease,outbreak,6
guideline,medicine,6
medicine,preparedness,6
pipeline (software),quality (philosophy),6
biology,genome-wide association study,6
genetics,genome-wide association study,6
genetics,machine learning,6
genome-wide association study,single-nucleotide polymorphism,6
epistemology,scientific progress,6
environmental health,family medicine,6
information infrastructure,knowledge management,6
energy consumption,engineering,6
ecology,physics,6
2019-20 coronavirus outbreak,outbreak,6
bioinformatics,disease,6
coronavirus disease 2019 (covid-19),data science,6
outbreak,severe acute respiratory syndrome coronavirus 2 (sars-cov-2),6
knowledge management,philosophy,6
computer science,matlab,6
psychology,science education,6
machine learning,theoretical computer science,6
engineering,mathematical optimization,6
coding (social sciences),workflow,6
knowledge management,open standard,6
context (archaeology),economics,6
business,coronavirus disease 2019 (covid-19),6
chromatography,medicine,6
geography,machine learning,6
interoperability,json,6
medline,quality (philosophy),6
grey literature,public relations,6
history,linguistics,6
history,philosophy,6
computer science,data warehouse,6
computer science,elixir (programming language),6
data warehouse,database,6
open research,process (computing),6
promotion (chess),sociology,6
psychology,psycinfo,6
documentation,machine learning,6
computational biology,protocol (science),6
digital library,key (lock),6
artificial intelligence,data set,6
cartography,geology,6
algorithm,biology,6
psychology,scope (computer science),6
health care,thematic analysis,6
medical education,thematic analysis,6
cloud computing,information repository,6
data mining,upload,6
computer vision,pattern recognition (psychology),6
convolutional neural network,pattern recognition (psychology),6
environmental health,sociology,6
automation,scalability,6
digital health,health care,6
documentation,protocol (science),6
knowledge management,reusability,6
biology,chromatography,6
algorithm,statistics,6
artificial neural network,convolutional neural network,6
software development,usability,6
algorithm,particle swarm optimization,6
cloud computing,particle swarm optimization,6
computer science,particle swarm optimization,6
context (archaeology),scopus,6
biology,oceanography,6
interoperability,psychology,6
open science,sustainable development,6
sustainability,sustainable development,6
data science,psychiatry,6
leverage (statistics),operating system,6
context (archaeology),medical education,6
engineering,materials science,6
json,workflow,6
data integrity,data management,6
mental health,psychiatry,6
artificial intelligence,philosophy,6
open research,presentation (obstetrics),6
digital library,digital transformation,6
identification (biology),key (lock),6
cinahl,scopus,6
artificial intelligence,materials science,6
nursing,protocol (science),6
cinahl,health care,6
health care,systematic review,6
ecology,machine learning,6
cinahl,context (archaeology),6
cinahl,psycinfo,6
medicine,psycinfo,6
artificial intelligence,transformer,6
computer science,transformer,6
grey literature,systematic review,6
nursing,psychiatry,6
health services research,protocol (science),6
digital data,focus (optics),6
digital data,presentation (obstetrics),6
digital scholarship,presentation (obstetrics),6
focus (optics),session (web analytics),6
best practice,code reuse,6
code reuse,data collection,6
code reuse,work (physics),6
data collection,reusability,6
data collection,source code,6
reusability,work (physics),6
source code,work (physics),6
web application,work (physics),6
cyberinfrastructure,web service,5
process (computing),windows workflow foundation,5
artificial intelligence,service (business),5
database,similarity (geometry),5
web service,workflow engine,5
web service,workflow technology,5
operating system,theoretical computer science,5
resource (disambiguation),scheduling (production processes),5
business,product (mathematics),5
computer science,entrepreneurship,5
government (linguistics),social science,5
mathematics,order (exchange),5
metadata,xml,5
workflow,xml,5
geography,management science,5
dataflow,programming language,5
authorization,computer security,5
orchestration,world wide web,5
computer security,human–computer interaction,5
computer security,resource (disambiguation),5
human–computer interaction,task (project management),5
key (lock),workflow management system,5
resource (disambiguation),resource management (computing),5
computer science,negotiation,5
computer security,operations management,5
engineering,web service,5
engineering management,web service,5
function (biology),operations management,5
key (lock),service (business),5
geography,multidisciplinary approach,5
parallel computing,workflow management system,5
programming language,schema (genetic algorithms),5
schema (genetic algorithms),workflow,5
course (navigation),engineering,5
database,discipline,5
management science,program management,5
opm3,quality (philosophy),5
program management,quality (philosophy),5
developmental psychology,psychology,5
component (thermodynamics),workflow management system,5
correctness,programming language,5
petri net,programming language,5
petri net,systems engineering,5
petri net,workflow management system,5
architecture,workflow engine,5
architecture,workflow technology,5
grid,resource (disambiguation),5
geology,software engineering,5
computer science,enhanced data rates for gsm evolution,5
business,scientific management,5
biology,paleontology,5
geography,provenance,5
computer science,scheme (mathematics),5
control (management),mathematics,5
mechanical engineering,work (physics),5
operations research,process (computing),5
multidisciplinary approach,scope (computer science),5
scope (computer science),systems engineering,5
data management,management system,5
data management,opm3,5
data management,program management,5
access control,world wide web,5
e-science,semantic web,5
scripting language,visualization,5
engineering,translational science,5
engineering ethics,translational science,5
pathology,psychological intervention,5
pathology,sociology,5
data element,interoperability,5
data science,geospatial metadata,5
business,workflow management system,5
process management,workflow engine,5
business,schedule,5
project management,schedule,5
workflow management system,workload,5
computer science,software system,5
java,operating system,5
java,software,5
java,software engineering,5
plan (archaeology),software,5
plan (archaeology),software engineering,5
software construction,software system,5
software construction,systems engineering,5
software engineering,software system,5
data access,engineering,5
data access,reuse,5
digital preservation,reuse,5
metadata,presentation (obstetrics),5
value (mathematics),work (physics),5
distributed computing,xpdl,5
business,work in process,5
political science,reputation,5
operations management,quality assurance,5
quality assurance,software engineering,5
artificial intelligence,radiology,5
mathematics,medical physics,5
medical physics,operating system,5
medicine,plan (archaeology),5
database,workspace,5
grid,mathematical optimization,5
data science,overhead (engineering),5
grid,supercomputer,5
grid computing,scalability,5
scalability,supercomputer,5
capacity building,political science,5
context (archaeology),project management,5
political science,program management,5
confidentiality,medicine,5
disease,public relations,5
political science,principal (computer security),5
principal (computer security),public relations,5
business,geology,5
business,information retrieval,5
annotation,data curation,5
construct (python library),engineering,5
construct (python library),set (abstract data type),5
construct (python library),workflow,5
geography,originality,5
geography,value (mathematics),5
management science,set (abstract data type),5
plan (archaeology),social science,5
process (computing),value (mathematics),5
sociology,the arts,5
computer network,grid computing,5
computer network,interoperability,5
interoperability,protocol (science),5
data mining,web service,5
database,relevance (law),5
genetics,world wide web,5
abstraction,distributed computing,5
abstraction,programming language,5
consistency (knowledge bases),software engineering,5
consistency (knowledge bases),task (project management),5
business,information management,5
business,management information systems,5
china,data management,5
data management,management information systems,5
engineering,information management,5
information management,information system,5
information system,project management,5
scalability,server,5
current (fluid),electrical engineering,5
data access,data integration,5
engineering management,standardization,5
data science,hierarchy,5
hierarchy,world wide web,5
economics,openness to experience,5
openness to experience,public administration,5
artificial intelligence,operations management,5
epistemology,quality (philosophy),5
computer science,graduate students,5
pedagogy,project management,5
pedagogy,service (business),5
flexibility (engineering),interface (matter),5
interface (matter),interoperability,5
accounting,finance,5
accounting,knowledge management,5
control (management),project management,5
geography,the internet,5
license,software,5
computer science,mode (computer interface),5
economic growth,knowledge management,5
knowledge management,mathematics education,5
knowledge management,production (economics),5
distributed computing,operations management,5
schedule,workflow management system,5
academic library,political science,5
academic library,sociology,5
academic library,world wide web,5
context (archaeology),the internet,5
sociology,the internet,5
personalization,workflow,5
archaeology,sociology,5
climate change,political science,5
discipline,geography,5
cloud storage,database,5
cloud storage,operating system,5
knowledge management,strengths and weaknesses,5
metadata,quality (philosophy),5
grid,open science,5
astrobiology,earth science,5
computer science,earth (classical element),5
data science,earth system science,5
earth system science,workflow,5
accounting,engineering,5
pace,public relations,5
computer science,system integration,5
database,system integration,5
information system,management system,5
management system,medicine,5
medicine,quality management,5
data management,summit,5
library science,summit,5
political science,summit,5
summit,world wide web,5
grid,set (abstract data type),5
bioinformatics,open source,5
biology,workflow management system,5
cheminformatics,open source,5
data science,tracking (education),5
management system,project management triangle,5
function (biology),operating system,5
process (computing),standardization,5
perl,software engineering,5
engineering,novelty,5
extreme project management,project management triangle,5
construct (python library),software engineering,5
authentication (law),database,5
authentication (law),workflow,5
authentication (law),world wide web,5
computer security,set (abstract data type),5
exploit,process (computing),5
set (abstract data type),systems engineering,5
set (abstract data type),workflow management system,5
digital content,political science,5
license,political science,5
domain (mathematical analysis),visualization,5
systems engineering,visualization,5
geospatial analysis,work (physics),5
reading (process),world wide web,5
geography,pathology,5
computer science,instrumentation (computer programming),5
metadata,systems engineering,5
opm3,project charter,5
opm3,project planning,5
metadata,vocabulary,5
vocabulary,world wide web,5
public administration,state (computer science),5
automation,knowledge management,5
database,granularity,5
domain (mathematical analysis),set (abstract data type),5
granularity,workflow,5
programming language,traceability,5
epistemology,ontology,5
citizen science,cloud computing,5
artificial intelligence,fuzzy logic,5
computer science,fuzzy logic,5
data mining,similarity (geometry),5
engineering,relation (database),5
knowledge management,relation (database),5
opm3,project manager,5
political science,project manager,5
gateway (web page),the internet,5
asynchronous communication,computer science,5
interoperability,windows workflow foundation,5
interoperability,xpdl,5
economics,operations management,5
production (economics),sustainability,5
engineering,sql,5
e-science,engineering management,5
engineering management,mechanism (biology),5
quality (philosophy),reuse,5
testbed,world wide web,5
order (exchange),process management,5
data mining,reusability,5
health informatics,software engineering,5
knowledge sharing,open science,5
object (grammar),software engineering,5
management science,software engineering,5
programming language,state (computer science),5
artificial intelligence,probabilistic logic,5
mathematical optimization,workflow technology,5
distributed computing,process management,5
process management,work in process,5
information retrieval,metadata management,5
agile software development,programming language,5
agile software development,process management,5
knowledge management,software project management,5
knowledge management,structuring,5
data as a service,engineering,5
computer network,real-time computing,5
computer network,resource allocation,5
computer science,resource allocation,5
distributed computing,resource allocation,5
operating system,resource allocation,5
data discovery,interoperability,5
engineering,provenance,5
chromatography,workflow,5
data mining,mass spectrometry,5
collaborative software,database,5
computer science,realm,5
data science,theme (computing),5
focus (optics),sociology,5
knowledge management,theme (computing),5
library science,theme (computing),5
audit,world wide web,5
business,computer data storage,5
business,identification (biology),5
business,information repository,5
data science,sample (material),5
digital curation,workflow,5
sample (material),workflow,5
sample (material),world wide web,5
data sharing,neuroscience,5
project charter,project manager,5
construction engineering,engineering,5
economics,investment (military),5
investment (military),political science,5
medicine,project management,5
engineering management,incentive,5
computer science,mobile device,5
geography,visualization,5
artificial intelligence,cyberinfrastructure,5
cyberinfrastructure,data management,5
cyberinfrastructure,field (mathematics),5
earth science,engineering,5
earth science,geography,5
field (mathematics),variety (cybernetics),5
field (mathematics),visualization,5
business,domain (mathematical analysis),5
data curation,domain (mathematical analysis),5
domain (mathematical analysis),engineering management,5
component (thermodynamics),distributed computing,5
interface (matter),workflow management system,5
interface (matter),workflow technology,5
variety (cybernetics),workflow engine,5
bioinformatics,data management,5
data collection,software engineering,5
data science,web application,5
database,terminology,5
engineering,terminology,5
biology,task (project management),5
china,library science,5
documentation,workflow engine,5
programming language,software portability,5
bioconductor,workflow,5
computer science,quantitative proteomics,5
data mining,r package,5
raw data,visualization,5
economics,order (exchange),5
engineering,productivity,5
exploratory research,psychology,5
incentive,work (physics),5
perception,political science,5
engineering,scripting language,5
politics,scholarship,5
promotion (chess),publishing,5
data science,representation (politics),5
representation (politics),world wide web,5
domain (mathematical analysis),focus (optics),5
focus (optics),workflow management system,5
cluster analysis,information retrieval,5
distributed computing,executable,5
semantics (computer science),software engineering,5
semantics (computer science),world wide web,5
data science,section (typography),5
human–computer interaction,interoperability,5
interoperability,publication,5
interoperability,sustainability,5
cloud computing,operations management,5
computation,distributed computing,5
domain (mathematical analysis),e-science,5
process (computing),provenance,5
cloud computing,event (particle physics),5
engineering,provisioning,5
provisioning,software deployment,5
kepler,workflow,5
debugging,programming language,5
computer science,extension (predicate logic),5
extension (predicate logic),programming language,5
scheduling (production processes),virtual machine,5
authentication (law),computer security,5
cloud computing,semantic web,5
cloud computing,workload,5
context (archaeology),incentive,5
data sharing,scale (ratio),5
data sharing,set (abstract data type),5
ecology,scale (ratio),5
business,component (thermodynamics),5
component (thermodynamics),service (business),5
european union,regional science,5
public relations,regional science,5
climatology,geography,5
climatology,meteorology,5
environmental planning,knowledge management,5
environmental planning,process management,5
environmental science,knowledge management,5
artificial intelligence,economics,5
artificial intelligence,work (physics),5
function (biology),sociology,5
cartography,software engineering,5
data science,geographic information system,5
database,geographic information system,5
data science,nanotechnology,5
social network analysis,software engineering,5
data mining,neuroinformatics,5
artificial intelligence,computational model,5
artificial intelligence,graph,5
artificial intelligence,ranking (information retrieval),5
mechanical engineering,workflow,5
biology,raw data,5
cloud computing,domain (mathematical analysis),5
data mining,precision medicine,5
architecture,management system,5
architecture,operations management,5
engineering,maintainability,5
control (management),operating system,5
control (management),set (abstract data type),5
data management,flexibility (engineering),5
flexibility (engineering),management,5
cyberinfrastructure,workflow management system,5
geospatial analysis,python (programming language),5
publication,the internet,5
information system,process management,5
management,metadata,5
flexibility (engineering),software deployment,5
cultural heritage,political science,5
political science,visual arts,5
engineering,health informatics tools,5
health care,health informatics tools,5
information technology,knowledge management,5
adaptation (eye),business,5
climate change,database,5
climate change,environmental resource management,5
environmental resource management,scale (ratio),5
data science,drug discovery,5
software,standardization,5
documentation,software quality,5
programming language,software development process,5
software development,usable,5
artificial intelligence,domain knowledge,5
annotation,documentation,5
management,project manager,5
data science,parallel computing,5
china,public administration,5
data sharing,intellectual property,5
intellectual property,open data,5
internet privacy,scholarly communication,5
citation,publication,5
distributed computing,reliability (semiconductor),5
executable,workflow management system,5
data science,sociology of scientific knowledge,5
provisioning,workflow technology,5
engineering,risk management,5
project management triangle,risk analysis (engineering),5
risk analysis (engineering),risk assessment,5
risk assessment,risk management,5
business,excellence,5
law,order (exchange),5
management science,work (physics),5
art,workflow,5
artificial intelligence,semantics (computer science),5
computer science,semantic data model,5
computer science,semantic technology,5
conceptual model,data science,5
data science,semantic technology,5
information retrieval,semantic data model,5
information retrieval,semantic technology,5
semantic computing,semantics (computer science),5
semantic computing,world wide web,5
semantic technology,semantic web,5
operating system,work (physics),5
scalability,scale (ratio),5
data as a service,data curation,5
database,simulation,5
algorithm,data science,5
cloud computing,geology,5
data collection,engineering management,5
bridge (graph theory),world wide web,5
troubleshooting,workflow,5
plug-in,programming language,5
pipeline (software),reuse,5
ecology,metagenomics,5
big data,ecology,5
big data,sustainability,5
biology,sustainability,5
alliance,data sharing,5
bridge (graph theory),data science,5
agency (philosophy),data management,5
data management plan,key (lock),5
context (archaeology),perspective (graphical),5
bioinformatics,biological data,5
biological data,computer science,5
benchmarking,political science,5
computational neuroscience,psychology,5
mathematical optimization,provisioning,5
citizen journalism,data science,5
citizen journalism,engineering,5
climate change,climate model,5
application lifecycle management,database,5
application lifecycle management,engineering management,5
data center,database,5
data management,system lifecycle,5
database,system lifecycle,5
engineering management,system lifecycle,5
geochemistry,geology,5
alternative medicine,computer security,5
alternative medicine,database,5
alternative medicine,informed consent,5
clinical trial,engineering,5
clinical trial,knowledge management,5
computer science,informed consent,5
data management plan,social science,5
data mining,plan (archaeology),5
data mining,risk analysis (engineering),5
engineering,power (physics),5
biology,management science,5
civil engineering,environmental science,5
information retrieval,transparency (behavior),5
public relations,resource (disambiguation),5
the arts,world wide web,5
data integration,medicine,5
data science,personalized medicine,5
data science,translational research,5
distributed computing,field (mathematics),5
biology,computational science,5
cloud computing,software portability,5
computational science,scalability,5
parallel computing,software,5
cloud computing,resource management (computing),5
asset (computer security),database,5
asset (computer security),knowledge management,5
asset (computer security),world wide web,5
cloud computing,data quality,5
cloud computing,volume (thermodynamics),5
computer science,filter (signal processing),5
computer science,volume (thermodynamics),5
data mining,microbiome,5
key (lock),relevance (law),5
library science,scope (computer science),5
computer science,delphi method,5
accounting,economics,5
government (linguistics),work (physics),5
data curation,digitization,5
data curation,scope (computer science),5
context (archaeology),open research,5
open research,scholarly communication,5
corporate governance,marketing,5
corporate governance,service (business),5
data governance,sociology,5
data science,public administration,5
finance,public relations,5
medical research,medicine,5
connotation,engineering,5
best practice,process management,5
data quality,engineering management,5
excellence,knowledge management,5
open science,point (geometry),5
interoperability,management science,5
resource (disambiguation),variety (cybernetics),5
data science,semantic integration,5
information retrieval,semantic integration,5
interoperability,semantic integration,5
semantic computing,semantic integration,5
computer science,knowledge base,5
artificial intelligence,software construction,5
control (management),software development,5
database,feature (linguistics),5
citizen science,physics,5
knowledge management,semantic interoperability,5
engineering,metadata management,5
health care,health records,5
operating system,tracking (education),5
psychology,subject (documents),5
data mining,gateway (web page),5
computational biology,source code,5
data mining,selection (genetic algorithm),5
genetics,population,5
programming language,work (physics),5
algorithm,computational science,5
applied mathematics,mathematics,5
code (set theory),python (programming language),5
computation,programming language,5
mathematical analysis,mathematics,5
mathematics,python (programming language),5
parallel computing,python (programming language),5
discoverability,scholarly communication,5
cloud computing,software as a service,5
software,software as a service,5
field (mathematics),library science,5
artificial intelligence,replicate,5
scheduling (production processes),supercomputer,5
digital humanities,engineering,5
humanities,social science,5
biochemistry,database,5
biochemistry,workflow,5
big data,field (mathematics),5
mathematics,remote sensing,5
extensibility,programming language,5
extensibility,software,5
business,mandate,5
digital library,public relations,5
digital library,social science,5
digital scholarship,sociology,5
knowledge management,mandate,5
scholarship,social science,5
documentation,metadata repository,5
documentation,software versioning,5
code (set theory),machine learning,5
code (set theory),modular design,5
distributed computing,machine learning,5
management,programming language,5
data science,scientific literature,5
engineering,scientific literature,5
business,commercialization,5
data science,risk management,5
architecture,business,5
architecture,political science,5
accountability,business,5
audit,process (computing),5
code refactoring,software,5
exploit,software,5
graph,software,5
database,mandate,5
interface (matter),political science,5
medical education,training (meteorology),5
computer data storage,operating system,5
data management,identifier,5
computer science,data security,5
computer security,data security,5
field (mathematics),systems engineering,5
scale (ratio),systems engineering,5
data science,virtual machine,5
biology,public health,5
public health,virology,5
component (thermodynamics),set (abstract data type),5
interoperability,openness to experience,5
bioinformatics,precision medicine,5
engineering ethics,presentation (obstetrics),5
open innovation,psychology,5
psychology,publication,5
publishing,the internet,5
context (archaeology),leverage (statistics),5
bibliometrics,political science,5
business,space (punctuation),5
publishing,space (punctuation),5
exploit,political science,5
knowledge management,usable,5
data element,engineering,5
digital preservation,geography,5
data management,metadata repository,5
biology,rna-seq,5
computational biology,rna-seq,5
computer science,rna-seq,5
dna microarray,gene expression,5
gene,rna-seq,5
gene expression,rna-seq,5
genetics,rna-seq,5
rna-seq,transcriptome,5
data mining,drug discovery,5
political science,position (finance),5
data mining,neuroimaging,5
data sharing,domain (mathematical analysis),5
documentation,publishing,5
qualitative property,rdm,5
quality (philosophy),rdm,5
data curation,stewardship (theology),5
public relations,stewardship (theology),5
service (business),stewardship (theology),5
art history,political science,5
data curation,telecommunications,5
data management,digital library,5
data management,telecommunications,5
digitization,sociology,5
political science,vision,5
relevance (law),sociology,5
sociology,vision,5
environmental resource management,fishery,5
environmental science,fishery,5
leverage (statistics),software engineering,5
business,credibility,5
credibility,engineering,5
medicine,multidisciplinary approach,5
popularity,world wide web,5
data access,data mining,5
bridging (networking),software,5
data science,social psychology,5
data management,environmental science,5
incentive,scholarly communication,5
open science,scholarship,5
chemistry,molecular dynamics,5
application programming interface,metadata,5
interoperability,visualization,5
artificial intelligence,parsing,5
bioconductor,world wide web,5
data mining,parsing,5
data curation,data integration,5
biology,host (biology),5
sample (material),sociology,5
data mining,semantic web,5
geography,semantic web,5
computer science,netcdf,5
metadata,netcdf,5
government (linguistics),workflow,5
cyberinfrastructure,political science,5
algorithm,theoretical computer science,5
cloud computing,load balancing (electrical power),5
cognitive science,neuroscience,5
big data,scheduling (production processes),5
database,ontology-based data integration,5
interoperability,ontology-based data integration,5
data mining,user interface,5
database,javascript,5
interactive visualization,visualization,5
python (programming language),user interface,5
user interface,visualization,5
big data,telecommunications,5
data science,devops,5
devops,modular design,5
software engineering,virtual machine,5
component-based software engineering,computer science,5
component-based software engineering,software,5
component-based software engineering,software development,5
database,implementation,5
cultural heritage,data science,5
library science,linguistics,5
political science,raw data,5
business,presentation (obstetrics),5
higher education,medicine,5
higher education,work (physics),5
alliance,data management,5
big data,data governance,5
database,general partnership,5
general partnership,sociology,5
cloud computing,marketing,5
computer security,marketing,5
medicine,survey data collection,5
medicine,usability,5
psychology,reuse,5
astronomy,earth science,5
environmental resource management,meteorology,5
database,profiling (computer programming),5
quality of service,workflow management system,5
benchmark (surveying),field (mathematics),5
computer science,engineering drawing,5
database,engineering drawing,5
engineering,engineering drawing,5
corporate governance,information governance,5
corporate governance,interoperability,5
data access,service (business),5
dissemination,open data,5
marketing,open data,5
openness to experience,scholarly communication,5
publishing,telecommunications,5
context (archaeology),presentation (obstetrics),5
data collection,library science,5
dissemination,library science,5
dissemination,social science,5
cohort,computer science,5
cloud computing,documentation,5
cloud computing,information retrieval,5
data mining,ensemble learning,5
business,citizen journalism,5
citizen journalism,open science,5
commission,computer science,5
commission,political science,5
european research area,european union,5
european research area,public relations,5
multidisciplinary approach,open data,5
data collection,quality (philosophy),5
particle physics,physics,5
agriculture,database,5
interface (matter),python (programming language),5
perl,python (programming language),5
data modeling,workflow,5
data science,event (particle physics),5
aerospace engineering,physics,5
earth observation,satellite,5
face (sociological concept),political science,5
face (sociological concept),public relations,5
internet privacy,sociology,5
best practice,social science,5
context (archaeology),data governance,5
data curation,transparency (behavior),5
data governance,transparency (behavior),5
data quality,reuse,5
reuse,social science,5
social science,transparency (behavior),5
chemistry,neuroscience,5
engineering,neuroscience,5
magnetic resonance imaging,medicine,5
mathematics,neuroscience,5
mathematics,replicate,5
psychology,reproducibility,5
replicate,statistics,5
code (set theory),data mining,5
analytics,programming language,5
information retrieval,raw data,5
engineering ethics,scholarship,5
rdm,scholarship,5
artificial intelligence,class (philosophy),5
class (philosophy),computer science,5
demography,medicine,5
environmental health,gerontology,5
health policy,medicine,5
health policy,political science,5
embedded system,software portability,5
open data,open government,5
analytics,geospatial analysis,5
analytics,python (programming language),5
analytics,software development,5
key (lock),public relations,5
open government,open science,5
computer security,open source,5
computer security,source code,5
artificial intelligence,scale (ratio),5
javascript,programming language,5
javascript,software,5
data sharing,stewardship (theology),5
information repository,interoperability,5
interoperability,stewardship (theology),5
consistency (knowledge bases),engineering,5
system integration,workflow,5
computer science,structural bioinformatics,5
programming language,structural bioinformatics,5
research data,resource (disambiguation),5
documentation,rdm,5
benchmark (surveying),programming language,5
business,legislation,5
engineering,server,5
science communication,science education,5
science education,world wide web,5
computer science,matching (statistics),5
matching (statistics),workflow,5
digitization,service (business),5
engineering,usable,5
reuse,usable,5
management,politics,5
computer science,demography,5
coding (social sciences),mathematics,5
computer science,normalization (sociology),5
business,implementation,5
nonprobability sampling,sociology,5
agency (philosophy),public relations,5
marketing,scope (computer science),5
opm3,sociology,5
engineering management,government (linguistics),5
government (linguistics),process (computing),5
psychology,research data,5
codebase,source code,5
graphical user interface,human–computer interaction,5
set (abstract data type),visualization,5
history,publishing,5
library science,section (typography),5
management,staffing,5
computer science,disk formatting,5
data science,user interface,5
database,disk formatting,5
disk formatting,world wide web,5
metadata,workflow engine,5
data science,narrative,5
engineering,participatory action research,5
focus group,medical education,5
focus group,medicine,5
mathematics education,software,5
data curation,originality,5
medicine,originality,5
cornerstone,data science,5
computer science,range (aeronautics),5
environmental health,environmental planning,5
environmental planning,public relations,5
psychological intervention,public relations,5
discipline,psychology,5
psychology,qualitative property,5
citation,geography,5
citation,open data,5
geographic information system,world wide web,5
bibliometrics,world wide web,5
citation,citation analysis,5
citation,engineering,5
citation,open research,5
management science,open research,5
best practice,discipline,5
data collection,engineering ethics,5
data curation,medical education,5
artificial intelligence,chromatography,5
big data,software engineering,5
social software engineering,software development,5
documentation,library science,5
law,regional science,5
biology,code (set theory),5
biology,quality (philosophy),5
data collection,information system,5
data collection,process management,5
electronic data capture,health care,5
bridging (networking),knowledge management,5
bridging (networking),political science,5
geography,risk analysis (engineering),5
data sharing,digital curation,5
modular design,process (computing),5
context (archaeology),protocol (science),5
database,throughput,5
graphical user interface,pipeline (software),5
interface (matter),pipeline (software),5
throughput,workflow,5
bioconductor,data science,5
bioconductor,software engineering,5
digital scholarship,library science,5
library science,web of science,5
political science,web of science,5
business,e-science,5
european commission,world wide web,5
biology,research data,5
economics,research data,5
computer science,end-to-end principle,5
consolidation (business),workflow,5
computer science,service delivery framework,5
knowledge management,service delivery framework,5
knowledge management,visibility,5
service (business),service design,5
service delivery framework,service design,5
leverage (statistics),open science,5
digital curation,research data,5
digital curation,reuse,5
gene,world wide web,5
computational biology,documentation,5
database,parsing,5
business,open source software,5
marketing,open source,5
open source software,political science,5
sociology,state (computer science),5
data science,operations research,5
environmental science,water resource management,5
geography,water resource management,5
hydrology (agriculture),water resource management,5
data science,scientific communication,5
open peer review,psychology,5
open peer review,publishing,5
plant biology,psychology,5
plant biology,publishing,5
public relations,scientific communication,5
scholarly communication,scientific communication,5
scientific communication,world wide web,5
art,artificial intelligence,5
competence (human resources),open science,5
diversity (politics),knowledge management,5
data element,metadata modeling,5
data management plan,information retrieval,5
data science,metadata modeling,5
metadata management,metadata modeling,5
data science,spark (programming language),5
data mining,reproducibility,5
data science,rigour,5
analytics,open science,5
neuroscience,programming language,5
open source software,software development,5
astrophysics,computer science,5
geology,software,5
alternative medicine,law,5
perspective (graphical),public relations,5
inclusion (mineral),sociology,5
intellectual property,public relations,5
library science,programming language,5
biology,throughput,5
gene,operating system,5
computer science,unique identifier,5
big data,genomics,5
bioinformatics,genome,5
family medicine,population,5
family medicine,surgery,5
programming language,software documentation,5
pipeline (software),raw data,5
ancient history,history,5
computer science,multispectral image,5
multispectral image,remote sensing,5
conceptual framework,knowledge management,5
china,marketing,5
originality,pedagogy,5
project management,qualitative research,5
data management plan,open science,5
business,knowledge sharing,5
knowledge management,social network analysis,5
knowledge sharing,political science,5
computer security,quality (philosophy),5
data quality,open science,5
open data,statistics,5
engineering ethics,history,5
plug-in,software,5
empirical research,software development,5
cloud computing,reliability (semiconductor),5
data management plan,digital preservation,5
documentation,software deployment,5
implementation,software deployment,5
cyberinfrastructure,data curation,5
data sharing,interface (matter),5
database,pace,5
open data,stewardship (theology),5
data sharing,government (linguistics),5
government (linguistics),rdm,5
application programming interface,data science,5
application programming interface,python (programming language),5
business,supply chain,5
computer science,supply chain,5
economics,set (abstract data type),5
open data,sociology of scientific knowledge,5
computer science,sediment,5
geology,sediment,5
machine learning,mathematical optimization,5
data management,discoverability,5
database,incentive,5
automation,data management,5
image (mathematics),world wide web,5
health care,internal medicine,5
computer graphics (images),pipeline (software),5
computer science,zoom,5
database,terabyte,5
operating system,terabyte,5
bespoke,computer science,5
data extraction,data mining,5
data extraction,database,5
database,internal medicine,5
intensive care medicine,medical emergency,5
sociology,systematic review,5
computer security,field (mathematics),5
software,software security assurance,5
software development,software security assurance,5
computer science,generalizability theory,5
computer science,verifiable secret sharing,5
executable,set (abstract data type),5
big data,parallel computing,5
data management,exploratory research,5
data mining,sample (material),5
knowledge management,population,5
population,qualitative research,5
terabyte,world wide web,5
ecosystem,ecosystem services,5
art,psychology,5
artificial intelligence,mathematics education,5
remote sensing,spatial analysis,5
software,spatial analysis,5
information literacy,library science,5
information literacy,pedagogy,5
library science,professional development,5
political science,professional development,5
data management,standardization,5
field (mathematics),resource (disambiguation),5
cohort study,medicine,5
accounting,medicine,5
social psychology,social science,5
data discovery,data management,5
data publishing,database,5
china,open data,5
cloud computing,data center,5
business,cyberinfrastructure,5
business,information privacy,5
computer security,data governance,5
data access,data governance,5
data access,data quality,5
data access,transparency (behavior),5
productivity,world wide web,5
political science,task (project management),5
psychology,task (project management),5
medicine,risk analysis (engineering),5
data quality,information retrieval,5
human–computer interaction,information retrieval,5
database,extensibility,5
extensibility,workflow,5
application programming interface,programming language,5
computer science,installation,5
database,installation,5
programming language,software deployment,5
quality (philosophy),set (abstract data type),5
reading (process),workflow,5
pipeline (software),preprocessor,5
engineering management,open source,5
open source,the internet,5
database,stakeholder,5
empirical research,epistemology,5
readability,software,5
readability,world wide web,5
equity (law),knowledge management,5
documentation,flexibility (engineering),5
medical education,publishing,5
service (business),the internet,5
open science,science communication,5
data visualization,python (programming language),5
data management,linked data,5
data management,point (geometry),5
chemistry,metabolomics,5
process (computing),usability,5
crowdsourcing,political science,5
natural language processing,programming language,5
open research,operating system,5
marketing,stakeholder,5
service (business),stakeholder,5
engineering ethics,scope (computer science),5
field (mathematics),open data,5
geography,open research,5
artificial intelligence,container (type theory),5
data mining,modular design,5
pattern recognition (psychology),workflow,5
set (abstract data type),transparency (behavior),5
data management,stakeholder,5
engineering,metric (unit),5
engineering,research design,5
knowledge management,research design,5
research design,social science,5
knowledge management,nonprobability sampling,5
data collection,rdm,5
information system,qualitative research,5
dicom,world wide web,5
semantics (computer science),task (project management),5
data integration,service (business),5
analytics,artificial intelligence,5
mit license,operating system,5
engineering,population,5
population,public relations,5
software documentation,software engineering,5
clinical trial,world wide web,5
ehealth,health care,5
mathematics,public relations,5
open science,public health,5
citation,quality (philosophy),5
ranking (information retrieval),world wide web,5
documentation,field (mathematics),5
container (type theory),software engineering,5
process (computing),software deployment,5
debugging,operating system,5
clinical trial,data management,5
computer science,encryption,5
computer security,encryption,5
artificial intelligence,heuristic,5
heuristic,workflow management system,5
bridge (graph theory),software,5
medicine,segmentation,5
computer science,sustainability science,5
credibility,knowledge management,5
psychology,scripting language,5
environmental resource management,open data,5
environmental science,open data,5
political science,research integrity,5
library science,open source,5
mathematics,multivariate statistics,5
data mining,telecommunications,5
grey literature,sociology,5
neuroinformatics,open science,5
data governance,medicine,5
analytics,political science,5
open science,sustainability science,5
reuse,sustainability,5
social sustainability,sustainability,5
engineering ethics,reuse,5
artificial intelligence,classifier (uml),5
artificial intelligence,support vector machine,5
classifier (uml),computer science,5
classifier (uml),machine learning,5
computer science,support vector machine,5
machine learning,support vector machine,5
analytics,cyberinfrastructure,5
geospatial analysis,scalability,5
preprocessor,programming language,5
data visualization,metadata,5
software,workspace,5
medical education,research data,5
coding (social sciences),sociology,5
sociology,software engineering,5
geotechnical engineering,hydrology (agriculture),5
pedagogy,philosophy,5
bottleneck,operating system,5
metadata,sample (material),5
business,reusability,5
economics,statistics,5
programming language,reproducibility,5
computer science,directory,5
agile software development,documentation,5
amplicon,biology,5
amplicon,computer science,5
artificial intelligence,genotype,5
biology,inference,5
environmental resource management,process management,5
management,plan (archaeology),5
computational biology,modular design,5
artificial intelligence,r package,5
botany,open peer review,5
botany,plant biology,5
computational biology,r package,5
key (lock),source code,5
engineering,open education,5
normative,open science,5
metadata,task (project management),5
computer science,harmonization,5
scripting language,upload,5
metadata,psychology,5
computer graphics (images),graphical user interface,5
data mining,protocol (science),5
deep learning,medicine,5
machine learning,pathology,5
computer science,scientific publishing,5
scientific publishing,world wide web,5
context (archaeology),state (computer science),5
applied linguistics,computer science,5
applied linguistics,linguistics,5
biology,reproducibility,5
geography,transparency (behavior),5
medicine,physical medicine and rehabilitation,5
container (type theory),data science,5
philosophy,physics,5
management science,pathology,5
economics,social psychology,5
german,knowledge management,5
cognitive psychology,computer science,5
psychology,replication (statistics),5
replication (statistics),statistics,5
artificial intelligence,electrical engineering,5
coding (social sciences),qualitative research,5
gene,identification (biology),5
gene,personalized medicine,5
genetics,personalized medicine,5
history,metadata,5
cloud computing,efficient energy use,5
distributed computing,efficient energy use,5
adaptation (eye),psychology,5
interoperability,physics,5
biodiversity,political science,5
data type,metadata,5
open data,value (mathematics),5
engineering,sustainable development,5
certification,political science,5
peer review,public relations,5
computer science,trait,5
information retrieval,standardization,5
terminology,vocabulary,5
citizen science,environmental resource management,5
mit license,software engineering,5
computer science,covariate,5
covariate,machine learning,5
engineering ethics,nursing,5
medicine,workforce,5
scheduling (production processes),server,5
code (set theory),open science,5
business,traceability,5
credibility,world wide web,5
traceability,world wide web,5
computer science,time series,5
drug,drug development,5
drug development,medicine,5
drug development,pharmacology,5
open data,scope (computer science),5
chemistry,environmental chemistry,5
environmental chemistry,environmental science,5
biodiversity,ecosystem,5
environmental resource management,sociology,5
library science,transparency (behavior),5
data integrity,data science,5
data integrity,database,5
digital library,information system,5
cognition,computer science,5
cognition,neuroscience,5
computer science,physical therapy,5
gene,software,5
computer security,physics,5
code review,programming language,5
code review,software engineering,5
computer science,static program analysis,5
programming language,static program analysis,5
software engineering,static program analysis,5
source code,static program analysis,5
source code,toolbox,5
static program analysis,workflow,5
reusability,workflow management system,5
data management,pedagogy,5
cloud computing,cluster analysis,5
environmental health,internal medicine,5
chemistry,organic chemistry,5
computer science,organic chemistry,5
biology,dna,5
computational biology,dna,5
data science,evolutionary biology,5
dna,genetics,5
gene,microbiome,5
business,scalability,5
biology,biotechnology,5
genetics,psychology,5
project management,workflow,5
interoperability,raw data,5
interoperability,relevance (law),5
environmental ethics,sociology,5
law,nursing,5
data mapping,workflow,5
identification (biology),statistics,5
medical physics,reproducibility,5
medical physics,statistics,5
pathology,population,5
inference,mathematics,5
computer science,controlled vocabulary,5
controlled vocabulary,vocabulary,5
cartography,remote sensing,5
gene,python (programming language),5
biology,biomarker,5
biology,cancer research,5
computational biology,physics,5
alternative medicine,best practice,5
best practice,resource (disambiguation),5
data sharing,resource (disambiguation),5
engineering management,resource (disambiguation),5
knowledge management,ranking (information retrieval),5
european union,sociology,5
library science,openness to experience,5
context (archaeology),risk analysis (engineering),5
intellectual property,interoperability,5
physics,statistical physics,5
citizen science,interoperability,5
data management plan,focus (optics),5
focus (optics),plan (archaeology),5
scopus,web of science,5
citizen journalism,sociology,5
computer science,environmental economics,5
medicine,python (programming language),5
dashboard,workflow,5
business,industrial organization,5
medicine,telemedicine,5
bioconductor,biology,5
scripting language,toolbox,5
context (archaeology),scientific literature,5
political science,status quo,5
data dictionary,data science,5
consistency (knowledge bases),data mining,5
cloud computing,digital preservation,5
computational biology,geography,5
computer science,interpretation (philosophy),5
business,ukrainian,5
law,ukrainian,5
open science,ukrainian,5
documentation,standardization,5
computer science,reinforcement learning,5
computer security,management science,5
engineering ethics,software engineering,5
engineering,toolbox,5
deep learning,world wide web,5
knowledge graph,world wide web,5
engineering ethics,systematic review,5
management science,medline,5
acupuncture,cochrane library,5
acupuncture,physical therapy,5
clinical trial,randomized controlled trial,5
cochrane library,physical therapy,5
cochrane library,surgery,5
physical therapy,randomized controlled trial,5
health services research,nursing,5
political science,reproducibility,5
coronavirus disease 2019 (covid-19),library science,5
coronavirus disease 2019 (covid-19),work (physics),5
digital library,publishing,5
pandemic,sociology,5
pandemic,work (physics),5
meta-analysis,psychiatry,5
drug,machine learning,5
drug discovery,machine learning,5
machine learning,pharmacology,5
coronavirus disease 2019 (covid-19),family medicine,5
coronavirus disease 2019 (covid-19),intensive care medicine,5
disease,family medicine,5
disease,nursing,5
family medicine,internal medicine,5
infectious disease (medical specialty),nursing,5
intensive care medicine,nursing,5
nursing,pandemic,5
benchmark (surveying),python (programming language),5
modular design,pipeline (software),5
biology,law,5
psychology,scale (ratio),5
protocol (science),psychological intervention,5
adverse effect,alternative medicine,5
adverse effect,medline,5
cochrane library,family medicine,5
cochrane library,intensive care medicine,5
internal medicine,pharmacology,5
blueprint,business,5
blueprint,cloud computing,5
economic growth,open science,5
database,linguistics,5
database,natural language processing,5
linguistics,workflow,5
cancer,radiology,5
oncology,radiology,5
2019-20 coronavirus outbreak,biology,5
bioinformatics,coronavirus disease 2019 (covid-19),5
ecology,gene,5
presentation (obstetrics),process (computing),5
focus (optics),key (lock),5
disease,law,5
infectious disease (medical specialty),law,5
infectious disease (medical specialty),outbreak,5
law,pathology,5
outbreak,pathology,5
meta-analysis,randomized controlled trial,5
data quality,psychology,5
data processing,metadata,5
ontology,open biomedical ontologies,5
automation,pipeline (software),5
medical physics,workflow,5
medicine,pipeline (software),5
benchmark (surveying),set (abstract data type),5
feature (linguistics),machine learning,5
computer science,genome-wide association study,5
correlation,mathematics,5
genetics,operating system,5
physics,power (physics),5
biology,phenotype,5
context (archaeology),openness to experience,5
2019-20 coronavirus outbreak,political science,5
coronavirus disease 2019 (covid-19),open science,5
political science,severe acute respiratory syndrome coronavirus 2 (sars-cov-2),5
cochrane library,psychological intervention,5
population,psychiatry,5
psychiatry,systematic review,5
citation,knowledge management,5
context (archaeology),standardization,5
biology,scientific progress,5
digital humanities,geography,5
economics,transparency (behavior),5
environmental resource management,risk analysis (engineering),5
artificial intelligence,systematic review,5
artificial intelligence,interpretability,5
computer science,interpretability,5
citizen science,context (archaeology),5
function (biology),workflow,5
pipeline (software),suite,5
data science,disease,5
data science,infectious disease (medical specialty),5
data science,pandemic,5
data mining,matlab,5
computer science,open educational resources,5
code (set theory),statistics,5
computer science,nuclear medicine,5
medicine,nuclear medicine,5
social media,sociology,5
art,cloud computing,5
business,pandemic,5
segmentation,workflow,5
gene expression,workflow,5
engineering ethics,politics,5
biology,immune system,5
artificial intelligence,random forest,5
computer science,random forest,5
art,media studies,5
database,medline,5
grassroots,political science,5
chemistry,geography,5
data science,data warehouse,5
intervention (counseling),medline,5
mathematics education,medical education,5
mathematics education,medicine,5
image segmentation,segmentation,5
mathematics,pattern recognition (psychology),5
mathematics,task (project management),5
physics,statistics,5
open science,session (web analytics),5
chemistry,sample (material),5
benchmark (surveying),cartography,5
best practice,quality (philosophy),5
data mining,social science,5
business,ecosystem,5
internal medicine,radiomics,5
openness to experience,quality (philosophy),5
cloud computing,politics,5
focus group,thematic analysis,5
engineering ethics,marketing,5
convolutional neural network,image (mathematics),5
modular design,resource (disambiguation),5
orchestration,scalability,5
intervention (counseling),medicine,5
checklist,psychology,5
medical education,protocol (science),5
chromatography,computational biology,5
disease,genetics,5
table (database),workflow,5
medicine,optometry,5
database,particle swarm optimization,5
mathematical optimization,particle swarm optimization,5
operating system,particle swarm optimization,5
particle swarm optimization,workflow,5
data collection,usability,5
ecology,oceanography,5
preprint,psychology,5
scholarship,service (business),5
big data,scripting language,5
artificial intelligence,medical imaging,5
computer science,medical imaging,5
deep learning,preprocessor,5
narrative,world wide web,5
data science,natural language processing,5
cloud computing,leverage (statistics),5
devops,software development,5
machine learning,software development,5
metadata,software deployment,5
productivity,software,5
devops,engineering,5
linguistics,mathematics,5
alternative medicine,grey literature,5
alternative medicine,scopus,5
grey literature,scopus,5
political science,protocol (science),5
autonomy,knowledge management,5
capability maturity model,maturity (psychological),5
remote sensing,segmentation,5
medicine,mental health,5
medline,mental health,5
interoperability,presentation (obstetrics),5
computer vision,software,5
data management plan,scholarship,5
automation,software development,5
inclusion (mineral),medicine,5
inclusion (mineral),nursing,5
inclusion (mineral),psychology,5
medline,thematic analysis,5
nursing,thematic analysis,5
systematic review,thematic analysis,5
nursing,scopus,5
pattern recognition (psychology),robustness (evolution),5
context (archaeology),systematic review,5
nursing,psycinfo,5
psychological intervention,psycinfo,5
public health,qualitative research,5
key (lock),sociology of scientific knowledge,5
cinahl,computer science,5
digital data,scholarship,5
digital scholarship,focus (optics),5
digital asset management,focus (optics),5
digital asset management,session (web analytics),5
scholarship,session (web analytics),5
benchmark (surveying),source code,5
digital library,presentation (obstetrics),5
psychological intervention,scopus,5
scopus,systematic review,5
focus (optics),point (geometry),5
christian ministry,citation,5
database,semantic grid,4
grid,semantic web,4
grid computing,metadata,4
semantic grid,semantic web,4
process (computing),xpdl,4
agency (philosophy),medicine,4
paleontology,world wide web,4
provenance,semantic web,4
theoretical computer science,workflow management system,4
business,entrepreneurship,4
entrepreneurship,knowledge management,4
information retrieval,xml,4
geography,management system,4
knowledge management,quality management,4
management science,management system,4
authorization,database,4
business,grid computing,4
computer science,identity (music),4
access control,knowledge management,4
access control,workflow management system,4
computer network,resource management (computing),4
computer security,control (management),4
computer security,task (project management),4
context (archaeology),human–computer interaction,4
control (management),human–computer interaction,4
control (management),key (lock),4
knowledge management,resource management (computing),4
china,computer security,4
function (biology),service (business),4
key (lock),management system,4
multidisciplinary approach,psychology,4
computer science,foundation (evidence),4
astronomy,engineering,4
computer science,course (navigation),4
discipline,process (computing),4
grid computing,process (computing),4
engineering ethics,project management,4
engineering management,windows workflow foundation,4
architecture,e-science,4
architecture,grid,4
engineering,intellectual property,4
geography,paleontology,4
information retrieval,relational database,4
mechanical engineering,process management,4
systems engineering,telecommunications,4
engineering management,multidisciplinary approach,4
project management,scope (computer science),4
confidentiality,database,4
confidentiality,workflow,4
workbench,workflow management system,4
data science,workflow management coalition,4
engineering management,grid,4
presentation (obstetrics),software engineering,4
e-science,variety (cybernetics),4
function (biology),software engineering,4
engineering,psychological intervention,4
knowledge management,psychological intervention,4
psychological intervention,sociology,4
sociology,translational research,4
data element,programming language,4
data element,software,4
open standard,software,4
computer security,workflow engine,4
process management,workflow technology,4
engineering management,schedule,4
project management triangle,schedule,4
e-science,exploit,4
e-science,middleware (distributed applications),4
e-science,software deployment,4
exploit,grid,4
operating system,plan (archaeology),4
operating system,software system,4
process (computing),software construction,4
schedule,software,4
software engineering,the internet,4
digital preservation,key (lock),4
engineering,replication (statistics),4
presentation (obstetrics),reuse,4
reuse,value (mathematics),4
agile software development,database,4
business process,software engineering,4
business process,workflow,4
knowledge management,work in process,4
software engineering,work in process,4
intellectual property,internet privacy,4
engineering,software quality,4
architecture,programming language,4
dataflow,software engineering,4
artificial intelligence,dicom,4
artificial intelligence,outcome (game theory),4
computer science,radiation therapy,4
dicom,medical physics,4
dicom,medicine,4
dicom,software,4
medical physics,software,4
medicine,outcome (game theory),4
outcome (game theory),software,4
radiation therapy,radiology,4
artificial intelligence,component (thermodynamics),4
focus (optics),programming language,4
focus (optics),software engineering,4
dissemination,publication,4
process (computing),publication,4
workspace,world wide web,4
grid,mathematics,4
data mining,scope (computer science),4
cloud computing,overhead (engineering),4
cloud computing security,distributed computing,4
overhead (engineering),scalability,4
business,capacity building,4
geography,project management,4
process management,product (mathematics),4
alternative medicine,confidentiality,4
confidentiality,political science,4
data sharing,disease,4
data sharing,public health,4
disease,health care,4
health care,health data,4
information retrieval,object (grammar),4
digital curation,digital preservation,4
digital curation,interoperability,4
digital preservation,interoperability,4
data science,the arts,4
engineering,the arts,4
management science,qualitative research,4
originality,process (computing),4
grid computing,interoperability,4
biology,grid,4
computational biology,genotyping,4
computational biology,grid,4
computer science,genotyping,4
data mining,genotype,4
data mining,single-nucleotide polymorphism,4
computer science,latin americans,4
latin americans,political science,4
abstraction,data science,4
consistency (knowledge bases),programming language,4
engineering management,set (abstract data type),4
scale (ratio),set (abstract data type),4
scale (ratio),work (physics),4
engineering management,information management,4
information management,management information systems,4
information management,political science,4
architecture,scalability,4
ibm,operating system,4
data access,software engineering,4
e-science,web service,4
computer science,document management system,4
engineering management,environmental science,4
environmental science,systems engineering,4
function (biology),project management,4
project management,standardization,4
standardization,systems engineering,4
database,hierarchy,4
hierarchy,information retrieval,4
documentation,management,4
documentation,public relations,4
economics,epistemology,4
epistemology,management,4
management,openness to experience,4
openness to experience,science policy,4
psychology,public administration,4
control (management),operations management,4
process (computing),quality management,4
process management,quality management,4
computer science,troubleshooting,4
flow (mathematics),mathematics,4
graduate students,pedagogy,4
graduate students,sociology,4
mathematics,pedagogy,4
automation,key (lock),4
operating system,xpdl,4
flexibility (engineering),service (business),4
interface (matter),service (business),4
interoperability,upload,4
accounting,engineering management,4
accounting,project management,4
control (management),information system,4
finance,order (exchange),4
finance,systems engineering,4
order (exchange),systems engineering,4
digital library,software,4
digital library,the internet,4
library science,suite,4
economic growth,higher education,4
higher education,knowledge management,4
production (economics),sociology,4
computer science,scientific misconduct,4
political science,scientific misconduct,4
computer science,predictability,4
operations management,schedule,4
operations management,workflow engine,4
operations management,workflow management system,4
operations management,workflow technology,4
academic library,knowledge management,4
public relations,the internet,4
cognitive science,scientific discovery,4
computer science,trace (psycholinguistics),4
context (archaeology),geology,4
geology,political science,4
engineering management,flexibility (engineering),4
cloud computing security,engineering,4
cloud storage,distributed computing,4
cloud storage,workflow,4
operating system,reuse,4
modular design,workflow management system,4
big data,grid,4
big data,grid computing,4
grid computing,scale (ratio),4
database,earth system science,4
earth (classical element),earth science,4
business,pace,4
business,principal (computer security),4
engineering,principal (computer security),4
marketing,revenue,4
engineering,selection (genetic algorithm),4
hierarchy,knowledge management,4
hierarchy,political science,4
knowledge management,scientific management,4
management science,scientific management,4
operations research,political science,4
process (computing),selection (genetic algorithm),4
christian ministry,political science,4
database,medical emergency,4
health care,quality (philosophy),4
information system,medicine,4
information system,operations management,4
interoperability,quality (philosophy),4
context (archaeology),grid computing,4
context (archaeology),middleware (distributed applications),4
data management,grid computing,4
grid computing,programming language,4
grid computing,set (abstract data type),4
metadata,set (abstract data type),4
middleware (distributed applications),service (business),4
programming language,service (business),4
orchestration,workflow management system,4
humanities,interoperability,4
data discovery,geography,4
database,philosophy,4
information retrieval,philosophy,4
philosophy,workflow,4
programming language,semantic web,4
cheminformatics,software engineering,4
chemistry,workflow management system,4
open source,workflow management system,4
programming language,supercomputer,4
replicate,workflow,4
tracking (education),workflow,4
function (biology),management science,4
engineering management,the internet,4
management,management system,4
management system,operating system,4
perl,scripting language,4
business,novelty,4
extreme project management,program management,4
cyberinfrastructure,resource (disambiguation),4
engineering,executable,4
exploratory research,world wide web,4
leverage (statistics),marketing,4
leverage (statistics),sociology,4
open innovation,perspective (graphical),4
context (archaeology),flexibility (engineering),4
distributed computing,petri net,4
flexibility (engineering),systems engineering,4
computer science,fair use,4
fair use,world wide web,4
audit,data mining,4
computer science,transformational leadership,4
pathology,public relations,4
political science,transformational leadership,4
public relations,transformational leadership,4
public relations,translational research,4
database,instrumentation (computer programming),4
economics,opm3,4
management,project charter,4
process (computing),project planning,4
database,vocabulary,4
graph,metadata,4
metadata,theoretical computer science,4
vocabulary,workflow,4
management system,work (physics),4
management system,workflow,4
work (physics),workflow engine,4
medical education,process management,4
agriculture,economics,4
agriculture,library science,4
agriculture,management,4
management,state (computer science),4
service (business),state (computer science),4
mechanical engineering,operating system,4
operating system,project management,4
benchmarking,cloud computing,4
business,civil engineering,4
process (computing),traceability,4
ontology,philosophy,4
cloud computing,raw data,4
database,scientific instrument,4
metadata,sparql,4
ontology,rdf,4
relational database,workflow,4
sparql,workflow,4
cluster analysis,mathematics,4
data mining,order (exchange),4
engineering,project manager,4
management science,project planning,4
political science,relation (database),4
project manager,systems engineering,4
context (archaeology),toolbox,4
process (computing),toolbox,4
asynchronous communication,software engineering,4
event (particle physics),software engineering,4
event (particle physics),world wide web,4
interoperability,workflow management coalition,4
systems engineering,xpdl,4
economics,scholarship,4
leverage (statistics),scholarly communication,4
database,management information systems,4
engineering management,sql,4
knowledge management,mechanism (biology),4
open research,quality (philosophy),4
computer security,the internet,4
key (lock),order (exchange),4
component (thermodynamics),data mining,4
health informatics,software,4
database,heuristics,4
heuristics,workflow,4
data mining,mathematical optimization,4
data mining,probabilistic logic,4
mathematical optimization,workflow engine,4
probabilistic logic,workflow,4
process (computing),work in process,4
business,structuring,4
project management triangle,software,4
project planning,software,4
project planning,software project management,4
distributed computing,scripting language,4
scalability,scripting language,4
data as a service,knowledge management,4
engineering ethics,multidisciplinary approach,4
database,resource allocation,4
pipeline (software),resource (disambiguation),4
resource allocation,workflow,4
operations research,project management triangle,4
architecture,cloud computing,4
cloud computing,provenance,4
abstraction,workflow engine,4
abstraction,workflow management system,4
database,mass spectrometry,4
mass spectrometry,workflow,4
scientific discovery,workflow,4
data science,information management,4
focus (optics),geography,4
focus (optics),knowledge management,4
focus (optics),library science,4
knowledge management,summit,4
data management,sample (material),4
data science,diversity (politics),4
decision support system,engineering,4
decision support system,knowledge management,4
process management,project manager,4
computer science,construction engineering,4
construction engineering,engineering management,4
construction engineering,project management,4
construction engineering,systems engineering,4
computer science,investment (military),4
economics,key (lock),4
key (lock),medicine,4
cloud computing,medicine,4
mobile device,world wide web,4
distributed computing,modular design,4
cartography,context (archaeology),4
context (archaeology),geospatial analysis,4
cyberinfrastructure,geology,4
earth observation,geography,4
earth observation,geology,4
earth science,remote sensing,4
domain (mathematical analysis),work (physics),4
interface (matter),variety (cybernetics),4
systems engineering,variety (cybernetics),4
biobank,data management,4
biobank,pathology,4
biobank,world wide web,4
bioinformatics,informatics,4
data collection,pathology,4
health informatics,pathology,4
health informatics tools,medicine,4
health informatics tools,world wide web,4
business,terminology,4
terminology,workflow,4
ecology,task (project management),4
engineering management,physics,4
reliability engineering,systems engineering,4
documentation,workflow management system,4
documentation,workflow technology,4
software portability,workflow engine,4
software portability,workflow management system,4
software portability,workflow technology,4
bioconductor,r package,4
chemistry,computational science,4
chemistry,quantitative proteomics,4
chemistry,raw data,4
data mining,quantitative proteomics,4
database,quantitative proteomics,4
programming language,proteomics,4
quantitative proteomics,workflow,4
neuroimaging,programming language,4
python (programming language),software development,4
data curation,value (mathematics),4
engineering,exploratory research,4
engineering,perception,4
exploratory research,open science,4
exploratory research,social science,4
perception,social science,4
perception,sociology,4
qualitative research,work (physics),4
domain (mathematical analysis),natural language processing,4
linguistics,narrative,4
natural language processing,task (project management),4
scripting language,set (abstract data type),4
knowledge management,pace,4
politics,promotion (chess),4
politics,publishing,4
promotion (chess),scholarly communication,4
metadata,workflow management system,4
categorization,computer science,4
database,outreach,4
executable,web service,4
operating system,software quality,4
computation,data science,4
provenance,software,4
event (particle physics),operating system,4
grid,provisioning,4
grid computing,provisioning,4
scheduling (production processes),software deployment,4
event (particle physics),physics,4
computer science,kepler,4
cloud computing,process management,4
automation,distributed computing,4
artificial intelligence,file format,4
source code,variety (cybernetics),4
adaptability,computer science,4
data integration,ontology,4
computer security,interface (matter),4
grid computing,interface (matter),4
adaptation (eye),distributed computing,4
computer network,virtual machine,4
computer network,workload,4
context (archaeology),publication,4
context (archaeology),scale (ratio),4
data sharing,pace,4
open data,set (abstract data type),4
cloud computing,windows workflow foundation,4
database,testbed,4
testbed,workflow,4
cloud computing,component (thermodynamics),4
provisioning,service (business),4
computer science,milestone,4
european commission,public administration,4
european commission,public relations,4
politics,public administration,4
public relations,variety (cybernetics),4
climate change,meteorology,4
environmental science,process management,4
computer science,waste management,4
computer security,economics,4
computer security,environmental science,4
life-cycle assessment,waste management,4
information retrieval,publication,4
cartography,geographic information system,4
identification (biology),work (physics),4
engineering,nanotechnology,4
data file,file format,4
data file,programming language,4
data file,world wide web,4
data science,file format,4
ontology,workflow management system,4
ontology,workflow technology,4
artificial intelligence,reuse,4
computer science,data modeling,4
data mining,ranking (information retrieval),4
data modeling,database,4
grid,scripting language,4
programming language,scheduling (production processes),4
real-time computing,world wide web,4
big data,genome,4
big data,precision medicine,4
cloud computing,genome,4
engineering management,scalability,4
maintainability,systems engineering,4
engineering,software portability,4
software engineering,xml,4
artificial intelligence,construct (python library),4
computer graphics (images),software engineering,4
data management,function (biology),4
function (biology),programming language,4
accounting,world wide web,4
engineering,web application,4
cyberinfrastructure,python (programming language),4
data mining,grid computing,4
distributed computing,python (programming language),4
geospatial analysis,operating system,4
political science,suite,4
biology,tree (set theory),4
data mining,phylogenetic tree,4
mathematics,tree (set theory),4
analytics,process management,4
competence (human resources),data science,4
competence (human resources),metadata,4
data science,workload,4
documentation,identifier,4
engineering,workload,4
service (business),software deployment,4
public relations,visual arts,4
sociology,visual arts,4
biology,computer network,4
computer network,medicine,4
medicine,peer review,4
engineering,information technology,4
leverage (statistics),medicine,4
biology,fishery,4
ecology,fishery,4
business,cartography,4
business,climate change,4
cartography,environmental resource management,4
database,sustainability,4
environmental resource management,resource (disambiguation),4
sustainability,workflow,4
computer science,modularity (biology),4
coding (social sciences),process (computing),4
documentation,software development process,4
process (computing),software development process,4
programming language,software quality,4
domain knowledge,information retrieval,4
annotation,task (project management),4
management,systems engineering,4
perspective (graphical),process management,4
engineering management,regional science,4
information retrieval,interface (matter),4
interface (matter),parallel computing,4
parallel computing,task (project management),4
data model (gis),information retrieval,4
metadata,upload,4
business,social media,4
big data,perspective (graphical),4
data mining,perspective (graphical),4
commons,data sharing,4
commons,open science,4
computer science,public domain,4
data discovery,publishing,4
data discovery,scholarly communication,4
data publishing,data sharing,4
data publishing,political science,4
data publishing,publication,4
internet privacy,publication,4
law,metadata,4
license,open science,4
public domain,world wide web,4
key (lock),scale (ratio),4
mathematics,scale (ratio),4
archaeology,provenance,4
artifact (error),database,4
correctness,world wide web,4
database,tracking (education),4
tracking (education),world wide web,4
reliability (semiconductor),workflow management system,4
credibility,process (computing),4
data science,dimension (graph theory),4
data science,portfolio,4
database,portfolio,4
data curation,institution,4
institution,research data,4
process (computing),sociology of scientific knowledge,4
project management,risk management,4
engineering,excellence,4
law,management science,4
data science,semantic data model,4
semantic computing,semantic technology,4
semantic computing,workflow,4
semantic data model,semantic web,4
semantic data model,world wide web,4
semantic technology,world wide web,4
database,java,4
data management,portfolio,4
engineering management,portfolio,4
context (archaeology),suite,4
data as a service,research data,4
component (thermodynamics),interoperability,4
earth system science,engineering,4
engineering,simulation,4
domain (mathematical analysis),interface (matter),4
domain (mathematical analysis),variety (cybernetics),4
graphical user interface,process (computing),4
algorithm,set (abstract data type),4
gateway (web page),user interface,4
gateway (web page),variety (cybernetics),4
scalability,the internet,4
agriculture,archaeology,4
agriculture,environmental science,4
ontology,programming language,4
architecture,process (computing),4
biology,graphical user interface,4
metagenomics,world wide web,4
business,life-cycle assessment,4
data mining,economics,4
alliance,world wide web,4
big data,the internet,4
computer science,globe,4
domain (mathematical analysis),scale (ratio),4
automation,domain (mathematical analysis),4
geospatial analysis,knowledge management,4
open data,upload,4
field (mathematics),information retrieval,4
field (mathematics),reuse,4
engineering management,scholarly communication,4
big data,mathematics,4
mathematics,perspective (graphical),4
biological data,biology,4
biology,data integration,4
identifier,ontology,4
benchmarking,process (computing),4
higher education,process (computing),4
artificial intelligence,cognitive science,4
cognitive science,open science,4
computational model,data science,4
computational neuroscience,data science,4
computational neuroscience,world wide web,4
mathematical optimization,task (project management),4
provisioning,quality of service,4
resource (disambiguation),set (abstract data type),4
architecture,modular design,4
cyberinfrastructure,knowledge management,4
database,relation (database),4
relation (database),workflow,4
climate model,computer science,4
ecology,habitat,4
data science,session (web analytics),4
operating system,software project management,4
computer science,research ethics,4
electronic data capture,engineering,4
electronic data capture,knowledge management,4
electronic data capture,process management,4
informatics,process management,4
data management plan,discipline,4
business,information technology,4
plan (archaeology),risk analysis (engineering),4
audit,computer security,4
information retrieval,suite,4
the arts,visual arts,4
pathology,personalized medicine,4
artificial intelligence,gateway (web page),4
computational model,workflow,4
cyberinfrastructure,interface (matter),4
field (mathematics),interface (matter),4
bioinformatics,cloud computing,4
bioinformatics,distributed computing,4
biology,systems biology,4
computer science,porting,4
scalability,software portability,4
cloud computing,informatics,4
computational science,cyberinfrastructure,4
field (mathematics),the internet,4
asset (computer security),data management,4
institutional repository,publishing,4
institutional repository,scholarly communication,4
data quality,software engineering,4
data science,filter (signal processing),4
volume (thermodynamics),workflow,4
bioinformatics,data visualization,4
biology,data visualization,4
medicine,systems engineering,4
data mining,event (particle physics),4
data mining,relation (database),4
scope (computer science),value (mathematics),4
accounting,management,4
control (management),economics,4
data management,scale (ratio),4
engineering ethics,key (lock),4
open research,publication,4
perspective (graphical),publishing,4
publication,social science,4
compliance (psychology),computer science,4
corporate governance,research data,4
data curation,finance,4
data governance,finance,4
data quality,finance,4
finance,research data,4
finance,sociology,4
computer science,medical research,4
information system,work (physics),4
management,philosophy,4
data management,excellence,4
benchmarking,standardization,4
political science,web service,4
data science,reliability (semiconductor),4
management science,risk analysis (engineering),4
semantic integration,world wide web,4
benchmark (surveying),engineering,4
earth science,environmental science,4
opm3,public relations,4
project management triangle,public relations,4
data mining,function (biology),4
data mining,table (database),4
data science,table (database),4
engineering management,software construction,4
data mining,representation (politics),4
data science,feature (linguistics),4
feature (linguistics),representation (politics),4
citizen science,crowdsourcing,4
crowdsourcing,knowledge management,4
open innovation,physics,4
open science,scalability,4
physics,scalability,4
simple (philosophy),world wide web,4
knowledge management,metadata management,4
computer science,health records,4
documentation,health care,4
computational biology,population,4
pipeline (software),population,4
presentation (obstetrics),programming language,4
presentation (obstetrics),software,4
applied mathematics,computer science,4
computation,computational science,4
computer science,mathematical analysis,4
distributed computing,orchestration,4
operating system,orchestration,4
discoverability,knowledge management,4
computer science,software as a service,4
e-science,scalability,4
chemistry,field (mathematics),4
chemistry,library science,4
data management,mathematics,4
government (linguistics),library science,4
mathematics,variety (cybernetics),4
bioinformatics,protocol (science),4
biology,consistency (knowledge bases),4
biology,replicate,4
consistency (knowledge bases),metadata,4
metadata,scripting language,4
microbiome,workflow,4
protocol (science),transparency (behavior),4
supercomputer,workflow management system,4
digital humanities,engineering ethics,4
digital humanities,social science,4
engineering,humanities,4
artificial intelligence,biochemistry,4
artificial intelligence,proteomics,4
selection (genetic algorithm),software,4
agriculture,big data,4
agriculture,data mining,4
big data,remote sensing,4
extensibility,world wide web,4
construct (python library),world wide web,4
knowledge management,staffing,4
staffing,world wide web,4
timeline,world wide web,4
business,point (geometry),4
data curation,digital library,4
data science,digital scholarship,4
digital library,digital scholarship,4
digital scholarship,knowledge management,4
digital scholarship,world wide web,4
mandate,public relations,4
point (geometry),public relations,4
data dictionary,database,4
metadata repository,programming language,4
metadata repository,software,4
benchmarking,modular design,4
cognitive science,engineering,4
data science,teamwork,4
software engineering,teamwork,4
artificial intelligence,granularity,4
commercialization,computer science,4
overhead (engineering),workflow engine,4
overhead (engineering),workflow technology,4
data management,risk analysis (engineering),4
process management,risk management,4
data management,neuroinformatics,4
engineering ethics,institution,4
engineering management,institution,4
computer science,connotation,4
control (management),medicine,4
accounting,process (computing),4
computer science,operationalization,4
software engineering,theoretical computer science,4
application programming interface,data management,4
institution,plan (archaeology),4
architecture,the internet,4
epistemology,world wide web,4
marketing,set (abstract data type),4
computer science,geochemistry,4
database,geochemistry,4
identifier,operating system,4
information repository,operating system,4
asset (computer security),business,4
asset (computer security),workflow,4
business,confidentiality,4
computer security,usability,4
data management,data security,4
data management,usability,4
rdm,stewardship (theology),4
field (mathematics),scale (ratio),4
engineering,virtual machine,4
data science,virology,4
ecology,pathology,4
ecology,public health,4
internet privacy,interoperability,4
computational biology,pathology,4
data mining,personalized medicine,4
automation,data mining,4
internet privacy,the internet,4
open innovation,publishing,4
database,nursing,4
health records,medicine,4
nursing,workflow,4
best practice,reproducibility,4
data science,test (biology),4
test (biology),workflow,4
reuse,scalability,4
context (archaeology),pipeline (software),4
descriptive statistics,political science,4
descriptive statistics,social science,4
descriptive statistics,sociology,4
library science,space (punctuation),4
marketing,qualitative research,4
qualitative research,service (business),4
commons,knowledge management,4
higher education,management,4
field (mathematics),scope (computer science),4
field (mathematics),social science,4
qualitative research,scope (computer science),4
scope (computer science),social science,4
sociology,variety (cybernetics),4
exploit,interoperability,4
political science,usable,4
usability,usable,4
archaeology,raw data,4
computer security,raw data,4
context (archaeology),digital preservation,4
data collection,geography,4
geography,meta data services,4
geography,raw data,4
data management plan,metadata repository,4
metadata management,metadata repository,4
computer science,vegetation (pathology),4
environmental science,satellite,4
virtual machine,workflow technology,4
data mining,dna microarray,4
context (archaeology),software development,4
software construction,software development process,4
genetics,proteomics,4
china,open innovation,4
knowledge base,world wide web,4
position (finance),sociology,4
sociology of scientific knowledge,world wide web,4
big data,exploit,4
big data,information retrieval,4
data science,search engine indexing,4
database,neuroscience,4
database,search engine indexing,4
neuroscience,workflow,4
documentation,ontology,4
context (archaeology),qualitative property,4
data curation,quality (philosophy),4
process management,variety (cybernetics),4
art history,library science,4
art history,sociology,4
engineering,german,4
german,public relations,4
german,service (business),4
german,sociology,4
marketing,service provider,4
political science,service provider,4
meteorology,training (meteorology),4
data curation,order (exchange),4
data curation,relevance (law),4
data sharing,order (exchange),4
digital library,digital preservation,4
digitization,scholarly communication,4
dissemination,metadata,4
order (exchange),scholarly communication,4
political science,social network analysis,4
political science,translational science,4
translational research,world wide web,4
product (mathematics),software,4
china,medicine,4
bridging (networking),software development,4
computer security,social media,4
data science,outcome (game theory),4
psychology,software development,4
social network analysis,software development,4
data science,term (time),4
economics,politics,4
law,promotion (chess),4
chemistry,metadata,4
computational chemistry,molecular dynamics,4
application programming interface,documentation,4
artificial intelligence,subject (documents),4
equity (law),social science,4
big data,stewardship (theology),4
archaeology,data management,4
archaeology,german,4
computational biology,host (biology),4
ecology,host (biology),4
genetics,host (biology),4
geology,satellite,4
meteorology,world wide web,4
netcdf,world wide web,4
oceanography,world wide web,4
data science,repurposing,4
database,repurposing,4
geography,government (linguistics),4
geography,index (typography),4
index (typography),world wide web,4
repurposing,world wide web,4
library science,session (web analytics),4
political science,theme (computing),4
computer network,load balancing (electrical power),4
computer science,load balancing (electrical power),4
distributed computing,load balancing (electrical power),4
load balancing (electrical power),scheduling (production processes),4
load balancing (electrical power),workflow,4
computational neuroscience,neuroscience,4
analytics,distributed computing,4
analytics,workflow engine,4
analytics,workflow management system,4
analytics,workflow technology,4
big data,workflow engine,4
big data,workflow technology,4
linked data,ontology,4
data management,workflow engine,4
data management,workflow technology,4
computer science,interactive visualization,4
javascript,operating system,4
javascript,python (programming language),4
javascript,user interface,4
javascript,workflow,4
computer security,gateway (web page),4
gateway (web page),telecommunications,4
cloud computing,devops,4
devops,operating system,4
flexibility (engineering),modular design,4
operating system,software versioning,4
software deployment,software versioning,4
benchmarking,interoperability,4
interoperability,suite,4
software,telecommunications,4
distributed computing,implementation,4
gateway (web page),middleware (distributed applications),4
implementation,scalability,4
artificial intelligence,telecommunications,4
alliance,database,4
alliance,sociology,4
big data,engineering ethics,4
data science,general partnership,4
engineering ethics,service (business),4
data science,state (computer science),4
law,state (computer science),4
law,telecommunications,4
marketing,telecommunications,4
data center,workflow,4
scheduling (production processes),software,4
data sharing,survey data collection,4
psychology,usability,4
reuse,usability,4
astrobiology,environmental science,4
astronomy,environmental science,4
environmental resource management,geology,4
geology,open science,4
operating system,profiling (computer programming),4
reuse,software development,4
engineering,object (grammar),4
knowledge management,sample (material),4
development (topology),mathematics,4
marketing,openness to experience,4
open data,telecommunications,4
data collection,presentation (obstetrics),4
presentation (obstetrics),scholarly communication,4
presentation (obstetrics),social science,4
computer science,shared resource,4
geography,session (web analytics),4
medical education,session (web analytics),4
medicine,session (web analytics),4
public relations,session (web analytics),4
resource (disambiguation),shared resource,4
documentation,presentation (obstetrics),4
information retrieval,presentation (obstetrics),4
commission,public relations,4
european commission,open data,4
european research area,knowledge management,4
european research area,open data,4
european union,openness to experience,4
open data,usability,4
curriculum,medical education,4
curriculum,medicine,4
curriculum,political science,4
diversity (politics),psychology,4
big data,data processing,4
data as a service,workflow,4
astronomy,satellite,4
center (category theory),engineering,4
environmental science,sociology,4
physics,satellite,4
internet privacy,social science,4
accountability,data sharing,4
accountability,knowledge management,4
data science,sociotechnical system,4
engineering,sociotechnical system,4
political science,sociotechnical system,4
interface (matter),modular design,4
artificial intelligence,magnetic resonance imaging,4
computer science,magnetic resonance imaging,4
database,popularity,4
popularity,workflow,4
institutional repository,library science,4
programming language,publication,4
engineering ethics,rdm,4
computer science,expression (computer science),4
cloud computing,multidisciplinary approach,4
e-science,multidisciplinary approach,4
graphical user interface,interoperability,4
perl,world wide web,4
business,global health,4
demography,environmental health,4
health policy,nursing,4
nursing,population,4
population,transparency (behavior),4
operating system,scope (computer science),4
scalability,scope (computer science),4
discipline,marketing,4
originality,process management,4
political science,portfolio,4
portfolio,process management,4
portfolio,service (business),4
container (type theory),pipeline (software),4
cloud computing,container (type theory),4
container (type theory),software,4
pipeline transport,software portability,4
open government,political science,4
open government,public relations,4
database,software analytics,4
source code,transparency (behavior),4
big data,software deployment,4
scale (ratio),workflow management system,4
documentation,javascript,4
programming language,web application,4
computer data storage,interoperability,4
computer data storage,knowledge management,4
information repository,knowledge management,4
consistency (knowledge bases),data management,4
software,system integration,4
data file,operating system,4
documentation,population,4
structural bioinformatics,world wide web,4
computational science,scripting language,4
class (philosophy),workflow,4
database,operations research,4
syntax,workflow,4
resource (disambiguation),work (physics),4
bridging (networking),software engineering,4
data science,project management,4
aerospace engineering,mathematics,4
computer science,mechanics,4
mathematical optimization,virtual machine,4
computer security,server,4
engineering,legislation,4
marketing,operating system,4
computer science,science communication,4
pedagogy,science education,4
political science,science communication,4
science communication,sociology,4
engineering,gateway (web page),4
data science,sparql,4
linked data,sparql,4
data as a service,rdm,4
coding (social sciences),statistics,4
art,the arts,4
engineering,implementation,4
data collection,plan (archaeology),4
anthropology,computer science,4
anthropology,ethnography,4
documentation,social science,4
ethnography,sociology,4
nonprobability sampling,social science,4
family medicine,medical education,4
family medicine,psychology,4
business model,value (mathematics),4
digital library,originality,4
marketing,value (mathematics),4
project management triangle,sociology,4
context (archaeology),government (linguistics),4
engineering management,field (mathematics),4
government (linguistics),process management,4
open research,psychology,4
codebase,data science,4
codebase,database,4
codebase,workflow,4
codebase,world wide web,4
documentation,graphical user interface,4
law,pedagogy,4
pedagogy,politics,4
history,media studies,4
media studies,publishing,4
political science,section (typography),4
data science,disk formatting,4
disk formatting,workflow,4
data science,participatory action research,4
engineering,narrative,4
narrative,political science,4
data management,survey data collection,4
data management plan,survey data collection,4
data science,survey data collection,4
data science,range (aeronautics),4
business,meteorology,4
environmental health,environmental resource management,4
environmental health,psychological intervention,4
medicine,meteorology,4
psychological intervention,public health,4
architecture,interoperability,4
data governance,interoperability,4
data governance,process (computing),4
data quality,metadata management,4
cloudsim,virtual machine,4
application lifecycle management,software,4
identifier,software engineering,4
data science,robustness (evolution),4
bibliometrics,citation,4
citation,public relations,4
discipline,medicine,4
chromatography,data science,4
computer science,extraction (chemistry),4
data management,scheduling (production processes),4
data science,software construction,4
multimedia,the internet,4
biology,reuse,4
code (set theory),quality (philosophy),4
context (archaeology),traceability,4
quality (philosophy),traceability,4
business,health informatics,4
health informatics,process management,4
computer science,frontier,4
database,semantic integration,4
geography,scalability,4
digital curation,sociology,4
metadata,public relations,4
agency (philosophy),social science,4
distributed computing,throughput,4
library science,plan (archaeology),4
medline,social science,4
open research,plan (archaeology),4
open research,scholarship,4
open science,web of science,4
plan (archaeology),psychology,4
linguistics,programming language,4
stewardship (theology),training (meteorology),4
download,open data,4
health care,transparency (behavior),4
botany,research data,4
biology,rdm,4
business,consolidation (business),4
business,service delivery framework,4
engineering,visibility,4
marketing,service delivery framework,4
process (computing),visibility,4
architecture,task (project management),4
data processing,scalability,4
context (archaeology),exploratory research,4
context (archaeology),usability,4
data sharing,exploratory research,4
data sharing,leverage (statistics),4
reuse,scholarly communication,4
association (psychology),computer science,4
association (psychology),psychology,4
data management,relation (database),4
digital curation,library science,4
relation (database),world wide web,4
gene,scalability,4
biology,parsing,4
documentation,parsing,4
file format,metadata,4
government (linguistics),service (business),4
public administration,world wide web,4
library science,operating system,4
psychology,rdm,4
epistemology,politics,4
engineering,hydrology (agriculture),4
environmental resource management,government (linguistics),4
bridging (networking),open science,4
citizen science,scholarly communication,4
open peer review,workflow,4
plant biology,workflow,4
public relations,scopus,4
publishing,scopus,4
scholarly communication,scopus,4
scientific communication,sociology,4
scopus,sociology,4
scopus,workflow,4
data curation,government (linguistics),4
library science,telecommunications,4
management,open data,4
big data,public relations,4
computer science,transformative learning,4
diversity (politics),engineering ethics,4
diversity (politics),public relations,4
business,family medicine,4
nursing,operations management,4
operations management,psychology,4
metadata modeling,metadata repository,4
astronomy,world wide web,4
computational science,suite,4
computational science,theoretical computer science,4
spark (programming language),world wide web,4
reproducibility,rigour,4
analytics,open source,4
human–computer interaction,open source,4
open science,software development,4
citizen science,key (lock),4
astronomy,operating system,4
documentation,geology,4
alternative medicine,internet privacy,4
alternative medicine,open science,4
medicine,subject (documents),4
open science,subject (documents),4
openness to experience,social psychology,4
publishing,subject (documents),4
inclusion (mineral),social science,4
automation,cloud computing,4
automation,resource (disambiguation),4
database,unique identifier,4
identifier,variety (cybernetics),4
unique identifier,world wide web,4
bioinformatics,genomics,4
data management,genomics,4
genome,world wide web,4
nuclear physics,plasma,4
art history,law,4
family medicine,law,4
law,population,4
database,software construction,4
documentation,user interface,4
software construction,workflow,4
environmental science,scripting language,4
geology,multispectral image,4
geology,scripting language,4
conceptual framework,data science,4
data sharing,qualitative research,4
china,data sharing,4
business,certification,4
originality,project management,4
software deployment,variety (cybernetics),4
knowledge management,social network (sociolinguistics),4
management,set (abstract data type),4
computer security,statistics,4
open science,scripting language,4
r package,world wide web,4
psychological intervention,qualitative research,4
data access,suite,4
european research area,interoperability,4
data science,visibility,4
fault tolerance,task (project management),4
medical education,perspective (graphical),4
scope (computer science),service (business),4
management,sustainability,4
politics,space (punctuation),4
publishing,sustainability,4
scholarship,sustainability,4
digital preservation,library science,4
human–computer interaction,software deployment,4
implementation,modular design,4
analytics,biology,4
data sharing,upload,4
pace,process (computing),4
pace,workflow,4
digital preservation,open data,4
publication,service (business),4
field (mathematics),scripting language,4
business,exploit,4
economics,value (mathematics),4
marketing,supply chain,4
open data,politics,4
environmental science,machine learning,4
commit,knowledge management,4
nursing,process management,4
business,humanities,4
computer science,sampling (signal processing),4
computer vision,data mining,4
image (mathematics),workflow,4
human–computer interaction,robot,4
cohort,internal medicine,4
disease,medical emergency,4
python (programming language),server,4
data extraction,data science,4
data extraction,world wide web,4
internal medicine,workflow,4
cloud computing,resource allocation,4
computer network,schedule,4
coding (social sciences),empirical research,4
computer security,domain (mathematical analysis),4
data science,verifiable secret sharing,4
database,verifiable secret sharing,4
generalizability theory,neuroimaging,4
set (abstract data type),verifiable secret sharing,4
programming language,simple (philosophy),4
simple (philosophy),workflow,4
cloud computing,data integration,4
data access,variety (cybernetics),4
data science,schema (genetic algorithms),4
data management plan,sample (material),4
data mining,exploratory research,4
qualitative property,world wide web,4
computer science,exploratory data analysis,4
data mining,exploratory data analysis,4
data science,exploratory data analysis,4
database,exploratory research,4
big data,spark (programming language),4
cloud computing,terabyte,4
cyberinfrastructure,data sharing,4
data science,terabyte,4
database,perspective (graphical),4
perspective (graphical),workflow,4
terabyte,workflow,4
computer graphics (images),image (mathematics),4
image (mathematics),open source,4
image (mathematics),operating system,4
image processing,operating system,4
open source,pipeline (software),4
best practice,data mining,4
ecology,ecosystem services,4
ecosystem services,environmental science,4
mathematics education,workflow,4
component (thermodynamics),geography,4
computer data storage,open data,4
computer data storage,research data,4
information repository,open data,4
information repository,research data,4
open data,remote sensing,4
remote sensing,software,4
information literacy,political science,4
productivity,sociology,4
data management,subject (documents),4
data mining,subject (documents),4
field (mathematics),health care,4
health care,the internet,4
economic growth,environmental health,4
mainstream,political science,4
engineering,software development process,4
medicine,public administration,4
business,social psychology,4
knowledge management,social psychology,4
process management,social science,4
documentation,risk analysis (engineering),4
documentation,scope (computer science),4
documentation,traceability,4
risk analysis (engineering),software,4
set (abstract data type),software development,4
big data,library science,4
china,data science,4
cloud computing,library science,4
data center,world wide web,4
computer security,cyberinfrastructure,4
data governance,information privacy,4
data quality,information privacy,4
information privacy,workflow,4
information privacy,world wide web,4
neuroscience,philosophy,4
annotation,bioinformatics,4
installation,operating system,4
installation,software engineering,4
license,operating system,4
interface (matter),scripting language,4
computer science,preparedness,4
data governance,operations management,4
data quality,stakeholder,4
process management,stakeholder,4
stakeholder,workflow,4
context (archaeology),epistemology,4
empirical research,process management,4
database,readability,4
preprint,workflow,4
readability,workflow,4
information system,information technology,4
biology,work (physics),4
data science,equity (law),4
engineering,equity (law),4
science policy,work (physics),4
computer science,dependency (uml),4
dependency (uml),software engineering,4
best practice,law,4
best practice,library science,4
publishing,reputation,4
biology,optics,4
focus (optics),process (computing),4
artificial intelligence,citizen science,4
linked data,publishing,4
data collection,software deployment,4
key (lock),subject (documents),4
order (exchange),subject (documents),4
bioinformatics,immunology,4
data science,metabolomics,4
internal medicine,interoperability,4
set (abstract data type),usability,4
environmental resource management,remote sensing,4
natural language processing,software,4
data access,medicine,4
law,research ethics,4
focus (optics),open data,4
focus (optics),publishing,4
geospatial analysis,spatial analysis,4
database,netcdf,4
netcdf,workflow,4
artificial intelligence,parallel computing,4
data mining,pattern recognition (psychology),4
feature (linguistics),feature extraction,4
feature extraction,pattern recognition (psychology),4
biology,replication (statistics),4
artificial intelligence,engineering ethics,4
bioconductor,operating system,4
context (archaeology),python (programming language),4
python (programming language),set (abstract data type),4
management science,research data,4
alternative medicine,operations management,4
alternative medicine,social science,4
data collection,research design,4
data element,data quality,4
data quality,metric (unit),4
data science,metric (unit),4
data sharing,stakeholder,4
knowledge management,metric (unit),4
social science,stakeholder,4
inclusion (mineral),qualitative research,4
commons,sociology,4
cloud computing,focus (optics),4
dicom,workflow,4
data management,ontology-based data integration,4
license,mit license,4
indigenous,political science,4
indigenous,sociology,4
computer graphics (images),physics,4
general partnership,library science,4
public relations,science education,4
art,digital library,4
citation,process (computing),4
citation,software engineering,4
software documentation,world wide web,4
ehealth,medicine,4
electronic data capture,interoperability,4
electronic data capture,world wide web,4
internal medicine,world wide web,4
cloud computing,publishing,4
object (grammar),set (abstract data type),4
object (grammar),software,4
alternative medicine,open data,4
epidemiology,public health,4
mathematics,openness to experience,4
public relations,set (abstract data type),4
knowledge sharing,public relations,4
environmental planning,workflow,4
environmental planning,world wide web,4
environmental resource management,interoperability,4
engineering,suite,4
management,task (project management),4
point (geometry),reading (process),4
data sharing,visualization,4
container (type theory),software deployment,4
data mining,debugging,4
debugging,world wide web,4
resource (disambiguation),visualization,4
computer vision,human–computer interaction,4
computer vision,visualization,4
usability,visualization,4
certification,world wide web,4
cloud computing security,computer security,4
heuristic,mathematical optimization,4
heuristic,scheduling (production processes),4
magnetic resonance imaging,radiology,4
knowledge management,sustainability science,4
credibility,psychology,4
data science,structuring,4
field (mathematics),quality (philosophy),4
computer science,research integrity,4
knowledge management,research integrity,4
art,social science,4
engineering,grey literature,4
neuroinformatics,open data,4
neuroscience,physics,4
key (lock),suite,4
data governance,information governance,4
data governance,information system,4
analytics,publishing,4
negotiation,political science,4
open science,social sustainability,4
open science,stewardship (theology),4
political science,sustainability science,4
social sustainability,sustainability science,4
codebase,software development,4
health care,service (business),4
comparability,data science,4
mathematics,robustness (evolution),4
operating system,remote sensing,4
data integration,data model (gis),4
data integration,metadata management,4
data integration,metadata modeling,4
data management,data model (gis),4
data model (gis),engineering,4
data collection,economics,4
data curation,economics,4
data management,economics,4
data management,value (mathematics),4
data science,preprocessor,4
preprocessor,raw data,4
programming language,standardization,4
citizen science,process (computing),4
scale (ratio),software deployment,4
data collection,variety (cybernetics),4
data science,novelty,4
novelty,world wide web,4
bioinformatics,metagenomics,4
best practice,open source,4
open source,process (computing),4
sample (material),software,4
epistemology,pedagogy,4
professional development,psychology,4
biology,usability,4
bottleneck,distributed computing,4
best practice,geography,4
best practice,scale (ratio),4
cartography,mathematics,4
economics,software,4
process management,reusability,4
directory,world wide web,4
simple (philosophy),software,4
amplicon,computational biology,4
amplicon,genetics,4
computational biology,inference,4
gene,inference,4
genetics,inference,4
action research,computer science,4
action research,knowledge management,4
botany,medicine,4
botany,physiology,4
neuroscience,operating system,4
core (optical fiber),software,4
core (optical fiber),world wide web,4
human–computer interaction,scalability,4
java,programming language,4
software engineering,virtual reality,4
engineering,scientific communication,4
engineering ethics,open education,4
engineering ethics,relevance (law),4
knowledge management,state (computer science),4
normative,political science,4
open science,state (computer science),4
engineering,promotion (chess),4
engineering ethics,promotion (chess),4
ecology,operating system,4
data science,harmonization,4
harmonization,world wide web,4
context (archaeology),humanities,4
scripting language,user interface,4
artificial intelligence,job shop scheduling,4
ecology,meteorology,4
intellectual property,marketing,4
web application,web service,4
computer graphics (images),interface (matter),4
computer graphics (images),source code,4
data visualization,graphical user interface,4
data visualization,interface (matter),4
pathology,segmentation,4
library science,scientific publishing,4
open science,scientific publishing,4
mathematics,open education,4
applied linguistics,philosophy,4
ecology,statistics,4
environmental science,transparency (behavior),4
sociology,stakeholder engagement,4
institution,publishing,4
institution,scholarly communication,4
computer science,physical medicine and rehabilitation,4
physical medicine and rehabilitation,psychology,4
pathology,social science,4
engineering,rigour,4
engineering ethics,rigour,4
management science,protocol (science),4
management science,rigour,4
mathematics,pathology,4
medical physics,protocol (science),4
protocol (science),sociology,4
cloud computing,european research area,4
software portability,toolbox,4
information retrieval,machine learning,4
machine learning,selection (genetic algorithm),4
object (grammar),process (computing),4
open science,replication (statistics),4
chemistry,geology,4
open data,plan (archaeology),4
business,focus (optics),4
perspective (graphical),qualitative research,4
art,context (archaeology),4
cyberinfrastructure,service (business),4
biology,robustness (evolution),4
operating system,reliability engineering,4
reliability (semiconductor),reliability engineering,4
adaptation (eye),knowledge management,4
reputation,social science,4
reputation,sociology,4
psychology,software engineering,4
open education,psychology,4
cloud computing,social science,4
conceptual framework,engineering,4
data type,programming language,4
mathematics,value (mathematics),4
environmental science,sustainable development,4
descriptive research,descriptive statistics,4
social science,subject (documents),4
empirical research,qualitative research,4
empirical research,social science,4
graduate students,medical education,4
graduate students,medicine,4
literacy,sociology,4
business,peer review,4
peer review,scholarly communication,4
environmental planning,work (physics),4
data quality,ecology,4
incentive,workflow,4
engineering,genetics,4
medical education,public health,4
blockchain,database,4
blockchain,knowledge management,4
blockchain,workflow,4
computer security,research data,4
curriculum,data science,4
computer security,traceability,4
open innovation,transparency (behavior),4
machine learning,time series,4
database,pedagogy,4
interoperability,pipeline (software),4
engineering drawing,software engineering,4
biodiversity,ecosystem services,4
citation,interoperability,4
ecology,social science,4
accountability,law,4
citation,transparency (behavior),4
data collection,marketing,4
artificial intelligence,identifier,4
artificial intelligence,profiling (computer programming),4
internal medicine,statistics,4
code (set theory),field (mathematics),4
reusability,scope (computer science),4
empirical research,operating system,4
operating system,statistics,4
process (computing),statistics,4
code (set theory),computer security,4
code review,data science,4
code review,database,4
code review,source code,4
database,static program analysis,4
documentation,toolbox,4
data management,reusability,4
big data,key (lock),4
key (lock),state (computer science),4
artificial intelligence,fault tolerance,4
cluster analysis,fault tolerance,4
environmental health,resource (disambiguation),4
descriptive statistics,mathematics,4
descriptive statistics,statistics,4
history,meteorology,4
autonomy,public relations,4
computer science,dna,4
data science,dna sequencing,4
dna,dna sequencing,4
dna,gene,4
modeling language,software,4
modular design,reuse,4
environmental health,environmental science,4
genetics,neuroscience,4
artificial intelligence,causal inference,4
causal inference,computer science,4
protocol (science),systems engineering,4
computer security,finance,4
data mapping,information retrieval,4
citizen science,sustainability,4
engineering ethics,environmental ethics,4
database,open source software,4
relevance (law),software development,4
data integration,data mapping,4
mathematics,open research,4
clinical trial,medical physics,4
data mining,medical physics,4
pathology,statistics,4
engineering,professional development,4
inference,statistics,4
embedded system,workflow management system,4
biology,remote sensing,4
pathology,psychiatry,4
benchmarking,context (archaeology),4
benchmarking,usability,4
process (computing),python (programming language),4
artificial intelligence,metagenomics,4
computational biology,data curation,4
computer science,drone,4
cloud computing,identifier,4
identifier,service (business),4
control (management),psychology,4
biodiversity,information retrieval,4
implementation,programming language,4
bioinformatics,oncology,4
biomarker,computational biology,4
cancer research,internal medicine,4
cancer research,oncology,4
gene,oncology,4
genetics,oncology,4
field (mathematics),web service,4
gene,genotyping,4
snapshot (computer storage),world wide web,4
code (set theory),physics,4
computer science,statistical physics,4
computer science,drug development,4
pharmacology,political science,4
intellectual property,transparency (behavior),4
biology,clarity,4
biomarker,computer science,4
chemistry,political science,4
citation,medicine,4
citation,scopus,4
clarity,medicine,4
citizen journalism,participatory action research,4
open science,originality,4
business,maturity (psychological),4
knowledge management,maturity (psychological),4
business,environmental economics,4
economics,resource (disambiguation),4
automation,python (programming language),4
automation,scripting language,4
ecology,hydrology (agriculture),4
cloud computing,humanities,4
regional science,world wide web,4
data access,open research,4
software,structural bioinformatics,4
dashboard,database,4
dashboard,world wide web,4
industrial organization,political science,4
data quality,work (physics),4
engineering management,training (meteorology),4
training (meteorology),work (physics),4
computer security,reproducibility,4
economic growth,health care,4
economic growth,world wide web,4
environmental health,health care,4
biology,toolbox,4
political science,scientific literature,4
controlled vocabulary,information retrieval,4
linguistics,vocabulary,4
engineering ethics,health care,4
health care,social science,4
academic library,business,4
digital curation,open data,4
engineering ethics,subject (documents),4
public relations,status quo,4
cloud computing,digitization,4
cloud computing,rdm,4
data dictionary,interoperability,4
data discovery,data quality,4
data integration,rdm,4
data collection,set (abstract data type),4
data integration,reuse,4
commit,software,4
exploratory research,workflow,4
gene,geography,4
genome,geography,4
european union,ukrainian,4
international trade,law,4
management science,open data,4
checklist,workflow,4
computer network,energy consumption,4
database,reinforcement learning,4
distributed computing,reinforcement learning,4
reinforcement learning,scheduling (production processes),4
reinforcement learning,workflow,4
epistemology,qualitative research,4
data science,ranking (information retrieval),4
engineering ethics,programming language,4
field (mathematics),perspective (graphical),4
deep learning,software engineering,4
graph,semantic web,4
best practice,management science,4
best practice,pathology,4
clinical trial,physical therapy,4
business,developing country,4
economic growth,nursing,4
economics,nursing,4
global health,public relations,4
health services research,political science,4
credibility,public relations,4
political science,rigour,4
bioinformatics,mathematics,4
library science,pandemic,4
environmental ethics,philosophy,4
cloud computing,earth observation,4
artificial intelligence,embedded system,4
engineering,point (geometry),4
annotation,genomics,4
artificial intelligence,genomics,4
genomics,software,4
alternative medicine,cancer,4
breast cancer,cancer,4
cancer,medline,4
meta-analysis,physical therapy,4
physical therapy,psychiatry,4
chemistry,drug,4
chemistry,drug discovery,4
chemistry,pharmacology,4
drug,drug discovery,4
drug discovery,medicine,4
family medicine,public health,4
infectious disease (medical specialty),intensive care medicine,4
intensive care medicine,pandemic,4
intensive care medicine,public health,4
medical emergency,nursing,4
artificial intelligence,data type,4
artificial neural network,ensemble learning,4
benchmark (surveying),variety (cybernetics),4
reliability (semiconductor),statistics,4
best practice,modular design,4
code (set theory),pipeline (software),4
maintainability,programming language,4
computer science,watershed,4
environmental science,watershed,4
analytics,ecology,4
narrative,workflow,4
analytics,data curation,4
chemistry,philosophy,4
inference,medicine,4
protocol (science),randomized controlled trial,4
adverse effect,cochrane library,4
adverse effect,internal medicine,4
adverse effect,medicine,4
adverse effect,meta-analysis,4
adverse effect,pathology,4
family medicine,meta-analysis,4
intensive care medicine,pharmacology,4
pathology,pharmacology,4
alternative medicine,traditional medicine,4
pathology,traditional medicine,4
business,crowdsourcing,4
business,pathology,4
cloud computing,open source,4
blueprint,data science,4
blueprint,world wide web,4
cyberinfrastructure,digitization,4
engineering,open standard,4
transparency (behavior),work (physics),4
geospatial analysis,key (lock),4
data model (gis),data modeling,4
indigenous,open data,4
design science research,information system,4
natural language processing,workflow,4
oncology,pathology,4
bioinformatics,infectious disease (medical specialty),4
bioinformatics,pandemic,4
bioinformatics,severe acute respiratory syndrome coronavirus 2 (sars-cov-2),4
biology,drug,4
biology,drug discovery,4
computational biology,drug,4
computer science,intensive care medicine,4
intensive care medicine,virology,4
graphical user interface,modular design,4
intensive care medicine,systematic review,4
computer science,embedding,4
focus (optics),open research,4
geography,visibility,4
information system,open research,4
key (lock),library science,4
coronavirus disease 2019 (covid-19),economics,4
autonomy,best practice,4
coronavirus disease 2019 (covid-19),preparedness,4
disease,preparedness,4
guideline,pathology,4
guideline,political science,4
infectious disease (medical specialty),preparedness,4
law,public health,4
pandemic,preparedness,4
preparedness,public relations,4
scalability,toolbox,4
annotation,visualization,4
ontology-based data integration,open biomedical ontologies,4
database,medical physics,4
pathology,quality (philosophy),4
radiology,workflow,4
benchmark (surveying),deep learning,4
deep learning,set (abstract data type),4
machine learning,natural language processing,4
computer science,correlation,4
computer science,multivariate statistics,4
genomics,pipeline (software),4
computer science,phenotype,4
gene,phenotype,4
gene,scale (ratio),4
open science,pandemic,4
cochrane library,population,4
population,psychological intervention,4
population,systematic review,4
computational biology,phenotype,4
artificial intelligence,pedagogy,4
artificial intelligence,motion (physics),4
computer science,motion (physics),4
business,disease,4
business model,political science,4
consolidation (business),data science,4
data science,information infrastructure,4
data science,regional science,4
risk analysis (engineering),sustainability,4
artificial intelligence,medline,4
key (lock),medline,4
key (lock),systematic review,4
artificial intelligence,cheminformatics,4
public relations,social media,4
function (biology),software,4
artificial neural network,pattern recognition (psychology),4
toolbox,visualization,4
matlab,programming language,4
matlab,software,4
identification (biology),metagenomics,4
archaeology,cultural heritage,4
analytics,computer security,4
management science,multidisciplinary approach,4
big data,data type,4
focus (optics),open science,4
open educational resources,pedagogy,4
annotation,natural language processing,4
deep learning,task (project management),4
epidemiology,medline,4
family medicine,psychological intervention,4
gerontology,pathology,4
business,flexibility (engineering),4
economic growth,public administration,4
database,segmentation,4
engineering,taxonomy (biology),4
data mining,usable,4
database,gene expression,4
transcriptome,workflow,4
data management plan,point (geometry),4
china,openness to experience,4
open science,research ethics,4
research ethics,research integrity,4
corporate governance,ecology,4
computational biology,immune system,4
genetics,immune system,4
profiling (computer programming),software,4
ecology,process management,4
alternative medicine,qualitative research,4
medical education,qualitative property,4
clarity,data science,4
data management,data mapping,4
data extraction,workflow,4
medical education,preprint,4
citizen science,science policy,4
dissemination,engineering ethics,4
knowledge management,professional development,4
medical education,professional development,4
medicine,professional development,4
analytics,data quality,4
data management,data warehouse,4
data warehouse,metadata,4
data warehouse,world wide web,4
engineering ethics,structuring,4
computer science,psycinfo,4
medline,social psychology,4
data management,ibm,4
interoperability,plug-in,4
business,risk assessment,4
citizen science,government (linguistics),4
human–computer interaction,python (programming language),4
interoperability,pathology,4
leverage (statistics),machine learning,4
scientific communication,transparency (behavior),4
gene,protocol (science),4
genetics,protocol (science),4
artificial intelligence,image segmentation,4
computer science,image segmentation,4
medicine,pattern recognition (psychology),4
human–computer interaction,medicine,4
computer security,preprint,4
library science,preprint,4
preprint,public relations,4
preprint,scholarly communication,4
artificial intelligence,cancer,4
biology,deep learning,4
deep learning,source code,4
chromatography,sample (material),4
geography,open source,4
field (mathematics),machine learning,4
information retrieval,taxonomy (biology),4
computer science,developing country,4
gene,machine learning,4
machine learning,random forest,4
coding (social sciences),database,4
data quality,key (lock),4
data mining,marketing,4
data management,environmental data,4
graphical user interface,toolbox,4
matlab,operating system,4
set (abstract data type),statistics,4
cloud computing,media studies,4
art,physics,4
art,politics,4
art history,open science,4
physics,politics,4
blueprint,political science,4
physics,science policy,4
bridge (graph theory),open science,4
bridge (graph theory),political science,4
data science,materials science,4
nanotechnology,workflow,4
application programming interface,software engineering,4
installation,workflow,4
data science,thematic analysis,4
focus group,qualitative research,4
cloud storage,information repository,4
big data,upload,4
deep learning,image (mathematics),4
production (economics),waste management,4
devops,scalability,4
computer science,digital health,4
digital health,medicine,4
environmental planning,sustainability,4
alternative medicine,checklist,4
dependency (uml),workflow,4
quality (philosophy),reproducibility,4
task (project management),work (physics),4
bioinformatics,chromatography,4
interoperability,toolbox,4
artificial neural network,workflow,4
image (mathematics),machine learning,4
distributed computing,particle swarm optimization,4
job shop scheduling,particle swarm optimization,4
particle swarm optimization,scheduling (production processes),4
data sharing,neuroinformatics,4
neuroinformatics,political science,4
alternative medicine,quality (philosophy),4
field (mathematics),relevance (law),4
knowledge management,scopus,4
energy consumption,mathematical optimization,4
business,scopus,4
database,social media,4
key (lock),usability,4
social media,workflow,4
software deployment,suite,4
suite,usability,4
analytics,documentation,4
flexibility (engineering),key (lock),4
artificial intelligence,data processing,4
robot,workflow,4
open research,open source software,4
open data,usable,4
computational biology,disease,4
commercialization,marketing,4
database,law,4
key (lock),scholarship,4
credibility,medicine,4
machine learning,scalability,4
leverage (statistics),metadata,4
session (web analytics),training (meteorology),4
training (meteorology),world wide web,4
cloud computing,computer data storage,4
deep learning,medical imaging,4
deep learning,programming language,4
medical imaging,segmentation,4
preprocessor,python (programming language),4
artificial intelligence,geospatial analysis,4
artificial intelligence,spatial analysis,4
cloud computing,web service,4
big data,metadata management,4
interoperability,metadata modeling,4
object (grammar),work (physics),4
metadata,scale (ratio),4
cheminformatics,computational biology,4
flexibility (engineering),human–computer interaction,4
medical education,open data,4
code (set theory),point (geometry),4
computer science,thermodynamics,4
materials science,thermodynamics,4
physics,thermodynamics,4
context (archaeology),higher education,4
engineering,process engineering,4
open science,python (programming language),4
pathology,radiomics,4
information infrastructure,library science,4
computer science,metallurgy,4
interoperability,stakeholder,4
plan (archaeology),rdm,4
media studies,psychology,4
general partnership,stakeholder,4
health care,management science,4
management science,nursing,4
disease,gene,4
data integrity,data mining,4
metadata,narrative,4
qualitative property,reuse,4
digitization,open science,4
electronic publishing,metadata,4
citizen journalism,equity (law),4
nursing,physical therapy,4
annotation,quality (philosophy),4
data mining,quality assurance,4
environmental health,psychology,4
environmental health,qualitative research,4
cartography,computational biology,4
cartography,genetics,4
leverage (statistics),scalability,4
delphi method,knowledge management,4
context (archaeology),ukrainian,4
checklist,medline,4
mental health,psychology,4
biology,materials science,4
materials science,world wide web,4
history,mathematics,4
medical imaging,medicine,4
engineering ethics,higher education,4
grey literature,protocol (science),4
protocol (science),scopus,4
capability maturity model,data science,4
data science,maturity (psychological),4
law,statistics,4
data mining,data set,4
mathematics,natural language processing,4
natural language processing,philosophy,4
context (archaeology),statistics,4
open data,variety (cybernetics),4
epistemology,reproducibility,4
quality (philosophy),value (mathematics),4
interoperability,service provider,4
computer vision,remote sensing,4
geography,segmentation,4
coronavirus disease 2019 (covid-19),medline,4
medline,pandemic,4
citizen science,sociology of scientific knowledge,4
context (archaeology),sociology of scientific knowledge,4
key (lock),plan (archaeology),4
cinahl,pathology,4
cinahl,protocol (science),4
leverage (statistics),software development,4
software,sustainability,4
equity (law),psychology,4
health equity,medicine,4
health equity,political science,4
computational science,graphical user interface,4
stewardship (theology),work (physics),4
chemistry,nanotechnology,4
grey literature,health care,4
data management,digital data,4
materials science,optics,4
automation,business,4
inclusion (mineral),medline,4
psychological intervention,thematic analysis,4
engineering,linguistics,4
computational biology,genome-wide association study,4
gene,genome-wide association study,4
computer vision,open source,4
alternative medicine,gerontology,4
medicine,reliability (semiconductor),4
relevance (law),work (physics),4
adaptation (eye),political science,4
public relations,research ethics,4
genome-wide association study,genotype,4
genotype,medicine,4
context (archaeology),psycinfo,4
health care,psycinfo,4
graph,machine learning,4
ontology,usable,4
materials science,programming language,4
artificial neural network,graph,4
intervention (counseling),nursing,4
chemistry,natural language processing,4
health care,psychiatry,4
medical education,systematic review,4
computer science,process engineering,4
data management,digital asset management,4
data management plan,digital asset management,4
data management plan,session (web analytics),4
digital asset management,plan (archaeology),4
digital asset management,scholarship,4
plan (archaeology),session (web analytics),4
programming language,protocol (science),4
genetics,r package,4
health policy,health services research,4
family medicine,protocol (science),4
alternative medicine,context (archaeology),4
psycinfo,systematic review,4
adversarial system,artificial intelligence,4
adversarial system,computer science,4
data science,generative grammar,4
generative grammar,psychology,4
archaeology,natural (archaeology),4
digital data,digital library,4
generative grammar,workflow,4
cinahl,grey literature,4
grey literature,psychiatry,4
mathematics,open peer review,4
mathematics,plant biology,4
equity (law),transparency (behavior),4
engineering ethics,philosophy,4
quantum,quantum computer,4
artificial intelligence,mechanical engineering,4
neuroimaging,pipeline (software),4
health care,protocol (science),4
corporate governance,presentation (obstetrics),4
open data,visibility,4
open science,visibility,4
modular design,plug-in,4
benchmark (surveying),pipeline (software),4
benchmarking,pipeline (software),4
ancient history,siege,4
epistemology,siege,4
scientific progress,siege,4
cyberinfrastructure,semantic web,3
grid computing,semantic web,3
operating system,semantic grid,3
semantic grid,workflow,3
data science,similarity (geometry),3
similarity (geometry),world wide web,3
computer network,graph,3
computer network,theoretical computer science,3
distributed computing,graph,3
graph,operating system,3
graph,scheduling (production processes),3
graph,workflow management system,3
scheduling (production processes),theoretical computer science,3
task (project management),theoretical computer science,3
government (linguistics),order (exchange),3
knowledge management,product (mathematics),3
mathematics,product (mathematics),3
management science,plan (archaeology),3
management science,quality management,3
operations management,plan (archaeology),3
dataflow,distributed computing,3
computer security,identity (music),3
database,identity (music),3
data discovery,web service,3
orchestration,web service,3
access control,control (management),3
computer network,context (archaeology),3
control (management),workflow management system,3
human–computer interaction,key (lock),3
key (lock),resource (disambiguation),3
resource management (computing),systems engineering,3
resource management (computing),task (project management),3
database,negotiation,3
negotiation,workflow,3
china,function (biology),3
china,key (lock),3
china,systems engineering,3
function (biology),geography,3
function (biology),key (lock),3
modalities,sociology,3
foundation (evidence),workflow,3
information retrieval,sql,3
information retrieval,workflow management system,3
parallel computing,software engineering,3
software engineering,sql,3
sql,workflow,3
algorithm,geology,3
course (navigation),geography,3
discipline,dissemination,3
dissemination,field (mathematics),3
field (mathematics),telecommunications,3
distributed computing,transparency (behavior),3
operating system,transparency (behavior),3
component (thermodynamics),workflow technology,3
correctness,workflow management system,3
petri net,workflow technology,3
architecture,resource (disambiguation),3
distributed computing,point (geometry),3
grid computing,resource (disambiguation),3
point (geometry),workflow management system,3
point (geometry),workflow technology,3
agriculture,engineering management,3
geography,intellectual property,3
political science,scientific management,3
control (management),operations research,3
mathematics,mechanical engineering,3
mathematics,telecommunications,3
telecommunications,work (physics),3
abstraction,provenance,3
abstraction,world wide web,3
access control,confidentiality,3
confidentiality,world wide web,3
e-science,ontology,3
engineering management,workflow management coalition,3
grid,windows workflow foundation,3
grid,workflow management coalition,3
presentation (obstetrics),windows workflow foundation,3
presentation (obstetrics),workflow engine,3
presentation (obstetrics),workflow management coalition,3
presentation (obstetrics),workflow management system,3
presentation (obstetrics),workflow technology,3
grid,variety (cybernetics),3
computer science,interdependence,3
knowledge management,translational science,3
pathology,translational science,3
sociology,translational science,3
data element,geospatial metadata,3
geospatial metadata,interoperability,3
geospatial metadata,software,3
interoperability,meta data services,3
meta data services,software,3
metadata,open source,3
access control,software engineering,3
business,workflow engine,3
knowledge management,schedule,3
process management,schedule,3
exploit,grid computing,3
exploit,workflow management system,3
grid computing,parallel computing,3
software engineering,workload,3
engineering,petri net,3
schedule,software engineering,3
computer security,digital preservation,3
computer security,presentation (obstetrics),3
computer security,value (mathematics),3
database,value (mathematics),3
digital preservation,work (physics),3
metadata,value (mathematics),3
replication (statistics),world wide web,3
domain (mathematical analysis),xpdl,3
agile software development,world wide web,3
business,business process,3
business process,database,3
database,work in process,3
work in process,workflow,3
business,reputation,3
internet privacy,reputation,3
law,open source,3
reputation,world wide web,3
database,software quality,3
operations management,software development,3
operations management,software quality,3
process (computing),quality assurance,3
process (computing),software quality,3
process management,quality assurance,3
quality assurance,software development,3
quality assurance,software quality,3
scope (computer science),software development,3
data science,dataflow,3
dataflow,workflow management system,3
dataflow,workflow technology,3
artificial intelligence,radiation therapy,3
mathematics,outcome (game theory),3
radiation therapy,software,3
radiology,software,3
component (thermodynamics),scripting language,3
data science,natural (archaeology),3
data collection,dissemination,3
data curation,dissemination,3
data management,middleware (distributed applications),3
data management,workspace,3
dissemination,research data,3
middleware (distributed applications),process (computing),3
astrobiology,remote sensing,3
astronomy,astrophysics,3
grid computing,mathematical optimization,3
distributed computing,scope (computer science),3
domain (mathematical analysis),pipeline (software),3
cloud computing security,scalability,3
capacity building,computer science,3
capacity building,engineering,3
capacity building,engineering management,3
engineering management,product (mathematics),3
geography,opm3,3
geography,program management,3
marketing,systems engineering,3
political science,product (mathematics),3
product (mathematics),project management,3
product (mathematics),systems engineering,3
executable,metadata,3
computer science,health data,3
health data,political science,3
medicine,principal (computer security),3
business,provenance,3
object (grammar),provenance,3
annotation,interoperability,3
annotation,metadata,3
digital curation,work (physics),3
construct (python library),knowledge management,3
construct (python library),management science,3
construct (python library),plan (archaeology),3
construct (python library),political science,3
construct (python library),sociology,3
geography,the arts,3
knowledge management,the arts,3
management science,originality,3
qualitative research,set (abstract data type),3
set (abstract data type),social science,3
set (abstract data type),value (mathematics),3
computer network,middleware (distributed applications),3
grid,protocol (science),3
data science,genotype,3
database,genotype,3
database,single-nucleotide polymorphism,3
genetics,grid,3
genotyping,single-nucleotide polymorphism,3
single-nucleotide polymorphism,workflow,3
abstraction,process (computing),3
consistency (knowledge bases),systems engineering,3
business,focus group,3
china,opm3,3
china,program management,3
china,project management,3
information management,systems engineering,3
management information systems,project management,3
architecture,supercomputer,3
ibm,software,3
server,software,3
current (fluid),data science,3
current (fluid),knowledge management,3
data science,electrical engineering,3
distributed computing,semantic grid,3
database,document management system,3
document management system,engineering,3
engineering management,environmental resource management,3
function (biology),opm3,3
function (biology),standardization,3
focus (optics),information retrieval,3
information retrieval,relevance (law),3
corporate governance,documentation,3
corporate governance,openness to experience,3
corporate governance,psychology,3
corporate governance,science policy,3
documentation,engineering ethics,3
psychology,science policy,3
control (management),management science,3
control (management),management system,3
database,troubleshooting,3
consistency (knowledge bases),workflow management system,3
field (mathematics),workflow management system,3
engineering,graduate students,3
graduate students,knowledge management,3
information system,marketing,3
information system,service (business),3
marketing,mathematics,3
marketing,pedagogy,3
pedagogy,systems engineering,3
sociology,systems engineering,3
automation,windows workflow foundation,3
key (lock),workflow technology,3
computer network,flexibility (engineering),3
computer network,software,3
embedded system,interface (matter),3
flexibility (engineering),grid,3
flexibility (engineering),resource (disambiguation),3
grid,upload,3
service (business),usability,3
accounting,control (management),3
control (management),finance,3
finance,information system,3
advertising,library science,3
advertising,the internet,3
archaeology,software,3
archaeology,suite,3
digital library,geography,3
geography,license,3
economic growth,production (economics),3
economic growth,psychology,3
economics,pedagogy,3
engineering,mode (computer interface),3
mode (computer interface),psychology,3
engineering,scientific misconduct,3
engineering ethics,scientific misconduct,3
law,scientific misconduct,3
law,value (mathematics),3
medicine,scientific misconduct,3
engineering,robustness (evolution),3
academic library,public relations,3
psychology,scientific discovery,3
data science,trace (psycholinguistics),3
database,trace (psycholinguistics),3
trace (psycholinguistics),workflow,3
visualization,workflow technology,3
computer security,middleware (distributed applications),3
climate change,context (archaeology),3
climate change,oceanography,3
earth system science,geography,3
earth system science,oceanography,3
earth system science,sociology,3
geology,sociology,3
data integration,modular design,3
data integration,programming language,3
modular design,workflow engine,3
data science,strengths and weaknesses,3
engineering,strengths and weaknesses,3
management science,metadata,3
cyberinfrastructure,scale (ratio),3
cyberinfrastructure,supercomputer,3
e-science,scale (ratio),3
e-science,supercomputer,3
grid,scale (ratio),3
open science,supercomputer,3
astrobiology,data science,3
astrobiology,earth system science,3
data science,oceanography,3
earth (classical element),earth system science,3
earth science,earth system science,3
accounting,public relations,3
accounting,revenue,3
engineering,pace,3
engineering,revenue,3
marketing,principal (computer security),3
political science,revenue,3
artificial intelligence,hierarchy,3
engineering,hierarchy,3
engineering management,selection (genetic algorithm),3
management science,selection (genetic algorithm),3
process management,scientific management,3
process management,selection (genetic algorithm),3
disease,engineering,3
engineering,infectious disease (medical specialty),3
database,quality management,3
engineering,medical emergency,3
health care,information system,3
health care,operations management,3
health care,system integration,3
interoperability,medical emergency,3
interoperability,operations management,3
medical emergency,world wide web,3
system integration,world wide web,3
public relations,summit,3
context (archaeology),metadata management,3
epistemology,information retrieval,3
epistemology,provenance,3
chemistry,open source,3
database,digital content,3
digital content,engineering,3
document management system,knowledge management,3
information management,process management,3
information management,world wide web,3
management system,the internet,3
process management,the internet,3
computer science,modernization theory,3
function (biology),management,3
knowledge management,modernization theory,3
standardization,the internet,3
perl,workflow management system,3
novelty,psychology,3
computer science,extreme project management,3
control (management),project management triangle,3
engineering,extreme project management,3
engineering management,extreme project management,3
extreme project management,systems engineering,3
e-science,executable,3
e-science,geospatial analysis,3
business,exploratory research,3
business,knowledge creation,3
centrality,computer science,3
centrality,world wide web,3
citizen science,open innovation,3
computer science,knowledge creation,3
knowledge creation,knowledge management,3
knowledge creation,marketing,3
construct (python library),data management,3
context (archaeology),plan (archaeology),3
data management plan,software engineering,3
authentication (law),interface (matter),3
ecology,interface (matter),3
computer security,flexibility (engineering),3
exploit,set (abstract data type),3
flexibility (engineering),set (abstract data type),3
flexibility (engineering),workflow management system,3
set (abstract data type),workflow engine,3
set (abstract data type),workflow technology,3
artifact (error),world wide web,3
engineering,license,3
fair use,political science,3
intellectual property,license,3
law,reuse,3
audit,software,3
audit,software engineering,3
domain (mathematical analysis),process management,3
geography,usability,3
geography,pace,3
china,economics,3
china,process management,3
economics,project management triangle,3
political science,project charter,3
program management,project charter,3
scope (computer science),visualization,3
knowledge management,outsourcing,3
operating system,outsourcing,3
agriculture,service (business),3
marketing,state (computer science),3
automation,operations management,3
knowledge management,mechanical engineering,3
benchmarking,distributed computing,3
civil engineering,economics,3
domain (mathematical analysis),flexibility (engineering),3
orchestration,software,3
cognitive science,philosophy,3
citizen science,e-science,3
citizen science,raw data,3
cloud computing,scientific instrument,3
scientific instrument,software deployment,3
scientific instrument,software engineering,3
scientific instrument,workflow,3
ontology,scalability,3
artificial intelligence,order (exchange),3
cluster analysis,order (exchange),3
fuzzy logic,mathematics,3
engineering management,project manager,3
management science,project manager,3
project manager,project planning,3
relation (database),systems engineering,3
context (archaeology),gateway (web page),3
asynchronous communication,computer network,3
asynchronous communication,database,3
asynchronous communication,workflow,3
computer network,event (particle physics),3
event (particle physics),workflow engine,3
event (particle physics),workflow technology,3
abstraction,theoretical computer science,3
business,mechanical engineering,3
sql,world wide web,3
leverage (statistics),scholarship,3
management information systems,management system,3
management system,sql,3
sql,systems engineering,3
database,order (exchange),3
order (exchange),work (physics),3
order (exchange),workflow,3
biology,translational research,3
management system,scientific management,3
component (thermodynamics),reusability,3
health care,software,3
health care,software engineering,3
informatics,software,3
data science,knowledge sharing,3
knowledge sharing,workflow,3
object (grammar),open science,3
data visualization,provenance,3
human–computer interaction,provenance,3
state (computer science),workflow,3
fault tolerance,workflow engine,3
database,probabilistic logic,3
business process,process management,3
engineering,representation (politics),3
engineering,work in process,3
process (computing),representation (politics),3
biology,ontology,3
interoperability,metadata management,3
metadata management,ontology,3
agile software development,project management,3
business,software project management,3
project charter,software,3
project charter,software project management,3
project management triangle,software development,3
project planning,software development,3
cloud computing,scripting language,3
data as a service,documentation,3
data as a service,engineering management,3
corporate governance,project management,3
real-time computing,workflow management system,3
resource (disambiguation),resource allocation,3
operations research,quality (philosophy),3
flexibility (engineering),metadata,3
knowledge management,provenance,3
chemistry,cloud computing,3
chromatography,operating system,3
e-science,the internet,3
e-science,work (physics),3
data science,realm,3
data management,history,3
data management,theme (computing),3
sociology,theme (computing),3
audit,data management,3
audit,political science,3
audit,sample (material),3
business,diversity (politics),3
business,sample (material),3
computer data storage,political science,3
diversity (politics),world wide web,3
information repository,political science,3
alternative medicine,neuroscience,3
business,decision support system,3
data mining,operations research,3
data mining,theme (computing),3
decision support system,engineering management,3
decision support system,process management,3
management science,theme (computing),3
operations research,order (exchange),3
order (exchange),project management triangle,3
project management,theme (computing),3
business,construction engineering,3
engineering,investment (military),3
business,mechanism (biology),3
incentive,management,3
mechanism (biology),process management,3
data science,mobile device,3
database,mobile device,3
mobile device,workflow,3
modular design,theoretical computer science,3
context (archaeology),cyberinfrastructure,3
artificial intelligence,data integration,3
cyberinfrastructure,data integration,3
cyberinfrastructure,earth science,3
cyberinfrastructure,variety (cybernetics),3
data integration,geography,3
data integration,variety (cybernetics),3
data management,geology,3
data management,remote sensing,3
data mining,earth observation,3
data mining,earth science,3
database,earth observation,3
earth observation,earth science,3
earth observation,workflow,3
earth science,world wide web,3
field (mathematics),remote sensing,3
geography,geoinformatics,3
geology,visualization,3
data curation,sustainability,3
engineering management,sustainability,3
component (thermodynamics),workflow engine,3
interface (matter),workflow engine,3
bioinformatics,health informatics tools,3
data collection,suite,3
data management,terminology,3
biology,systems engineering,3
distributed computing,ecology,3
ecology,provenance,3
identification (biology),provenance,3
china,engineering ethics,3
library science,physics,3
mechanism (biology),physics,3
artificial intelligence,project management,3
artificial intelligence,reliability engineering,3
business,selection (genetic algorithm),3
bioconductor,chemistry,3
bioconductor,raw data,3
bioconductor,visualization,3
chemistry,visualization,3
proteomics,software,3
r package,visualization,3
neuroimaging,neuroinformatics,3
neuroimaging,python (programming language),3
neuroimaging,software,3
neuroinformatics,python (programming language),3
neuroinformatics,software,3
scripting language,software development,3
economics,operations research,3
data curation,incentive,3
data curation,perception,3
exploratory research,qualitative research,3
incentive,qualitative research,3
perception,public relations,3
artificial intelligence,health informatics,3
artificial intelligence,public health,3
medicine,narrative,3
pathology,task (project management),3
incentive,marketing,3
marketing,medical education,3
medical education,service (business),3
outcome (game theory),psychology,3
provenance,scripting language,3
knowledge management,politics,3
knowledge management,transformational leadership,3
metadata,representation (politics),3
pedagogy,process management,3
pedagogy,quality (philosophy),3
psychology,systems engineering,3
programming language,web service,3
human–computer interaction,metadata,3
cloud computing,computation,3
computation,engineering,3
computation,software engineering,3
software engineering,taxonomy (biology),3
cloud computing security,software deployment,3
engineering,event (particle physics),3
provisioning,software engineering,3
data science,software portability,3
database,kepler,3
data mining,schema (genetic algorithms),3
automation,e-science,3
grid,systems engineering,3
database,extension (predicate logic),3
file format,operating system,3
adaptability,software engineering,3
biology,flexibility (engineering),3
authentication (law),cloud computing,3
authentication (law),operating system,3
adaptation (eye),cloud computing,3
quality of service,resource (disambiguation),3
biology,climate change,3
climate change,data science,3
climate change,scale (ratio),3
geography,incentive,3
incentive,publication,3
open data,scale (ratio),3
software engineering,testbed,3
business,provisioning,3
european commission,geography,3
geography,politics,3
geography,relevance (law),3
public relations,relevance (law),3
climate change,climatology,3
meteorology,oceanography,3
biology,selection (genetic algorithm),3
computer security,reliability engineering,3
computer security,risk assessment,3
economics,waste management,3
engineering,risk assessment,3
environmental science,risk assessment,3
agency (philosophy),engineering,3
artificial intelligence,grid,3
function (biology),process management,3
function (biology),work (physics),3
grid,knowledge management,3
information retrieval,plan (archaeology),3
geographic information system,software engineering,3
business,task (project management),3
programming language,social media,3
programming language,social network analysis,3
data file,information retrieval,3
file format,information retrieval,3
file format,interoperability,3
file format,software,3
information retrieval,neuroinformatics,3
interoperability,neuroinformatics,3
architecture,service (business),3
collaborative software,software engineering,3
collaborative software,workflow management system,3
collaborative software,workflow technology,3
ontology,workflow engine,3
computational model,database,3
computer science,property (philosophy),3
data modeling,information retrieval,3
automation,work (physics),3
computer network,data mining,3
data mining,real-time computing,3
biology,domain (mathematical analysis),3
data management,genome,3
data mining,relational database,3
genome,raw data,3
precision medicine,workflow,3
european union,work (physics),3
database,maintainability,3
function (biology),set (abstract data type),3
systems engineering,web application,3
flexibility (engineering),political science,3
flexibility (engineering),work (physics),3
grid,python (programming language),3
archaeology,publication,3
biology,theoretical computer science,3
data mining,tree (set theory),3
phylogenetic tree,tree (set theory),3
business,data analysis,3
engineering management,identifier,3
information system,management,3
provisioning,world wide web,3
cultural heritage,sociology,3
government (linguistics),law,3
computational biology,computer network,3
computational biology,resource (disambiguation),3
data science,immunology,3
peer review,world wide web,3
adaptation (eye),climate change,3
ecology,resource (disambiguation),3
geography,sustainability,3
resilience (materials science),workflow,3
resource (disambiguation),sustainability,3
biology,informatics,3
biology,reusability,3
biology,standardization,3
health informatics,standardization,3
informatics,standardization,3
coding (social sciences),quality (philosophy),3
geography,software development,3
software development process,software quality,3
software quality,world wide web,3
control (management),metadata,3
database,domain knowledge,3
domain knowledge,workflow,3
documentation,task (project management),3
engineering management,perspective (graphical),3
perspective (graphical),project management,3
data mining,parallel computing,3
interface (matter),task (project management),3
context (archaeology),upload,3
data exchange,data science,3
data exchange,interoperability,3
data model (gis),interoperability,3
health informatics,interoperability,3
information retrieval,upload,3
social media,software deployment,3
artificial intelligence,informatics,3
commons,law,3
commons,metadata,3
commons,publishing,3
data discovery,open data,3
data discovery,open science,3
data discovery,political science,3
data publishing,open data,3
data publishing,open science,3
data publishing,scholarly communication,3
data science,public domain,3
license,open data,3
license,publishing,3
license,scholarly communication,3
open data,relevance (law),3
archaeology,process (computing),3
artifact (error),data science,3
correctness,data science,3
sociology,tracking (education),3
executable,scheduling (production processes),3
reliability (semiconductor),scheduling (production processes),3
reliability (semiconductor),workflow engine,3
reliability (semiconductor),workflow technology,3
documentation,management science,3
management science,portfolio,3
portfolio,process (computing),3
data management plan,publication,3
publication,rdm,3
sociology of scientific knowledge,workflow,3
project management triangle,risk management,3
risk management,systems engineering,3
engineering ethics,order (exchange),3
engineering management,excellence,3
excellence,work (physics),3
operating system,sql,3
chemistry,workflow technology,3
programming language,workbench,3
artificial intelligence,conceptual model,3
artificial intelligence,data model (gis),3
conceptual model,database,3
conceptual model,workflow,3
data model (gis),ontology,3
data model (gis),workflow,3
database,semantic data model,3
database,semantic technology,3
semantic computing,semantic data model,3
semantic data model,semantic technology,3
semantic technology,workflow,3
operating system,web application,3
big data,resource (disambiguation),3
data science,position (finance),3
engineering,position (finance),3
data curation,suite,3
data as a service,process management,3
earth system science,systems engineering,3
graphical user interface,set (abstract data type),3
interface (matter),set (abstract data type),3
computation,data mining,3
bridge (graph theory),database,3
bridge (graph theory),service (business),3
bridge (graph theory),workflow,3
computer network,graphical user interface,3
gateway (web page),graphical user interface,3
gateway (web page),service (business),3
e-science,interface (matter),3
big data,virtual machine,3
gateway (web page),scalability,3
agriculture,environmental resource management,3
archaeology,business,3
architectural engineering,business,3
architecture,artificial intelligence,3
component (thermodynamics),reuse,3
architecture,project management,3
data science,personalization,3
metagenomics,programming language,3
personalization,programming language,3
personalization,software engineering,3
big data,environmental science,3
data sharing,european union,3
globe,political science,3
globe,world wide web,3
domain (mathematical analysis),software development,3
domain (mathematical analysis),windows workflow foundation,3
agency (philosophy),data management plan,3
agency (philosophy),data science,3
agency (philosophy),database,3
geography,upload,3
rdm,software,3
big data,chemistry,3
chemistry,context (archaeology),3
chemistry,open science,3
bioinformatics,data integration,3
bioinformatics,metadata,3
biological data,data science,3
biological data,database,3
cheminformatics,identifier,3
identifier,semantic web,3
benchmarking,marketing,3
political science,strengths and weaknesses,3
psychology,strengths and weaknesses,3
computational model,computational neuroscience,3
computational model,psychology,3
computational model,world wide web,3
computational neuroscience,open science,3
cloud computing,usability,3
data science,testbed,3
geography,grid computing,3
mathematical optimization,resource (disambiguation),3
quality of service,systems engineering,3
quality of service,task (project management),3
citizen journalism,workflow,3
cyberinfrastructure,modular design,3
geospatial analysis,modular design,3
archaeology,programming language,3
archaeology,software engineering,3
extension (predicate logic),workflow,3
geography,relation (database),3
process (computing),relation (database),3
climate change,data mining,3
climate model,data mining,3
climate model,database,3
climate model,ecology,3
climate model,workflow,3
component (thermodynamics),ecology,3
habitat,workflow,3
computer graphics (images),world wide web,3
data center,operating system,3
alternative medicine,documentation,3
alternative medicine,process (computing),3
alternative medicine,process management,3
business,research ethics,3
clinical trial,computer security,3
clinical trial,engineering ethics,3
clinical trial,process management,3
computer security,research ethics,3
documentation,electronic data capture,3
electronic data capture,informatics,3
engineering ethics,informatics,3
medicine,research ethics,3
data management plan,engineering ethics,3
management,scientific management,3
program management,scientific management,3
project management,scientific management,3
quality (philosophy),scientific management,3
scientific management,systems engineering,3
engineering management,information technology,3
archaeology,field (mathematics),3
field (mathematics),plan (archaeology),3
abstraction,workflow technology,3
interoperability,software portability,3
civil engineering,software,3
computer science,underpinning,3
engineering,underpinning,3
accounting,computer security,3
accounting,database,3
audit,data sharing,3
audit,open science,3
audit,suite,3
computer security,credibility,3
computer security,suite,3
data curation,multidisciplinary approach,3
data science,visual arts,3
access control,data science,3
biobank,engineering,3
data management,translational research,3
informatics,translational research,3
personalized medicine,workflow,3
translational research,workflow,3
computational neuroscience,neuroinformatics,3
cyberinfrastructure,neuroinformatics,3
gateway (web page),human–computer interaction,3
human–computer interaction,neuroinformatics,3
bioinformatics,field (mathematics),3
bioinformatics,scalability,3
bioinformatics,systems biology,3
computer science,systems biology,3
data science,porting,3
field (mathematics),scalability,3
parallel computing,scalability,3
porting,software,3
big data,health informatics,3
data mining,health informatics tools,3
institution,process (computing),3
computational science,grid computing,3
data mining,the internet,3
interoperability,scheduling (production processes),3
asset (computer security),engineering,3
asset (computer security),open data,3
asset (computer security),rdm,3
computer security,rdm,3
institutional repository,knowledge management,3
institutional repository,software,3
graph,provenance,3
provenance,theoretical computer science,3
computer architecture,parallel computing,3
data mining,filter (signal processing),3
data mining,volume (thermodynamics),3
database,filter (signal processing),3
database,volume (thermodynamics),3
filter (signal processing),workflow,3
volume (thermodynamics),workflow management system,3
bioinformatics,r package,3
data visualization,microbiome,3
microbiome,visualization,3
key (lock),physics,3
relevance (law),set (abstract data type),3
relevance (law),systems engineering,3
relevance (law),task (project management),3
cartography,library science,3
delphi method,engineering,3
delphi method,management science,3
finance,operations management,3
engineering ethics,government (linguistics),3
data curation,set (abstract data type),3
data mining,engineering ethics,3
engineering ethics,scale (ratio),3
research data,set (abstract data type),3
digitization,engineering management,3
digitization,reuse,3
engineering management,raw data,3
raw data,research data,3
reuse,scope (computer science),3
discipline,publication,3
open research,perspective (graphical),3
compliance (psychology),knowledge management,3
corporate governance,data curation,3
data governance,rdm,3
data management,finance,3
data management,public administration,3
finance,service (business),3
business,philosophy,3
connotation,operations management,3
knowledge management,web service,3
artificial intelligence,heuristics,3
cloud computing,heuristics,3
cloud computing,theoretical computer science,3
distributed computing,heuristics,3
heuristics,operating system,3
reliability (semiconductor),software engineering,3
computer science,viewpoints,3
engineering,viewpoints,3
management science,resource (disambiguation),3
management science,reuse,3
reuse,variety (cybernetics),3
computer science,scientometrics,3
interoperability,semantic computing,3
semantic integration,semantics (computer science),3
benchmark (surveying),systems engineering,3
benchmarking,systems engineering,3
data science,knowledge base,3
artificial intelligence,coding (social sciences),3
control (management),modular design,3
artificial intelligence,e-science,3
data mining,object (grammar),3
feature (linguistics),identification (biology),3
feature (linguistics),information retrieval,3
identification (biology),information retrieval,3
information retrieval,representation (politics),3
crowdsourcing,open data,3
open data,scalability,3
open innovation,the internet,3
computer science,epidemiology,3
data science,internal medicine,3
epidemiology,gerontology,3
dimension (graph theory),world wide web,3
interoperability,semantic technology,3
semantic integration,semantic interoperability,3
semantic interoperability,semantic technology,3
digital curation,process (computing),3
metadata management,variety (cybernetics),3
metadata management,work (physics),3
variety (cybernetics),work (physics),3
overhead (engineering),scheduling (production processes),3
overhead (engineering),task (project management),3
data collection,operating system,3
documentation,identification (biology),3
health care,identification (biology),3
health care,subject (documents),3
health records,workflow,3
identification (biology),operating system,3
psychology,tracking (education),3
gateway (web page),visualization,3
e-science,systems engineering,3
database,selection (genetic algorithm),3
gene,population,3
genetics,source code,3
population,source code,3
selection (genetic algorithm),workflow,3
artificial intelligence,presentation (obstetrics),3
conceptual model,engineering,3
engineering,software versioning,3
algorithm,applied mathematics,3
computer science,nonlinear system,3
mathematics,nonlinear system,3
computational biology,neuroscience,3
business,orchestration,3
orchestration,process management,3
orchestration,resource (disambiguation),3
business,discoverability,3
discoverability,variety (cybernetics),3
marketing,originality,3
originality,service (business),3
database,software as a service,3
operating system,software as a service,3
scalability,software as a service,3
software as a service,software development,3
software as a service,workflow,3
software development,workflow engine,3
cheminformatics,engineering,3
chemistry,engineering ethics,3
library science,variety (cybernetics),3
artificial intelligence,microbiome,3
consistency (knowledge bases),protocol (science),3
microbiome,protocol (science),3
protocol (science),scripting language,3
replicate,world wide web,3
task (project management),windows workflow foundation,3
sociology,statistics,3
biochemistry,bioinformatics,3
biochemistry,proteomics,3
agriculture,field (mathematics),3
key (lock),variety (cybernetics),3
data science,timeline,3
political science,timeline,3
business,digital scholarship,3
data curation,point (geometry),3
data science,mandate,3
digital library,point (geometry),3
knowledge management,point (geometry),3
mandate,social science,3
mandate,sociology,3
point (geometry),research data,3
point (geometry),scholarship,3
data dictionary,documentation,3
documentation,semantic web,3
metadata,software versioning,3
semantic web,software,3
modular design,set (abstract data type),3
dna sequencing,genotype,3
dna sequencing,single-nucleotide polymorphism,3
engineering management,teamwork,3
programming language,teamwork,3
software,teamwork,3
software development,teamwork,3
distributed computing,granularity,3
granularity,operating system,3
knowledge management,scientific literature,3
commercialization,engineering,3
commercialization,knowledge management,3
adaptation (eye),workflow management system,3
data integration,python (programming language),3
connotation,engineering management,3
connotation,process (computing),3
accountability,context (archaeology),3
accountability,sustainability,3
audit,context (archaeology),3
business,capability maturity model,3
capability maturity model,process management,3
context (archaeology),sustainability,3
agriculture,quality (philosophy),3
code refactoring,computer science,3
code refactoring,programming language,3
code refactoring,workflow,3
engineering,mandate,3
engineering management,interface (matter),3
epistemology,set (abstract data type),3
marketing,the internet,3
revenue,world wide web,3
set (abstract data type),the internet,3
geochemistry,workflow,3
geochemistry,world wide web,3
big data,documentation,3
computer data storage,documentation,3
documentation,information repository,3
business,data security,3
business,vendor,3
computer science,vendor,3
computer security,data management plan,3
data management plan,stewardship (theology),3
data science,data security,3
data security,database,3
data security,workflow,3
information repository,usability,3
rdm,usability,3
vendor,world wide web,3
provisioning,virtual machine,3
data science,environmental health,3
environmental health,virology,3
immunology,pathology,3
library science,promotion (chess),3
data curation,openness to experience,3
internet privacy,openness to experience,3
medicine,openness to experience,3
openness to experience,research data,3
outsourcing,service (business),3
outsourcing,world wide web,3
big data,bioinformatics,3
pathology,precision medicine,3
openness to experience,the internet,3
field (mathematics),implementation,3
software engineering,test (biology),3
component (thermodynamics),scalability,3
fault tolerance,scalability,3
data curation,pipeline (software),3
leverage (statistics),pipeline (software),3
bibliometrics,publishing,3
bibliometrics,service (business),3
bibliometrics,sociology,3
bibliometrics,thematic analysis,3
business,descriptive statistics,3
business,thematic analysis,3
descriptive statistics,marketing,3
higher education,qualitative research,3
higher education,service (business),3
higher education,social science,3
library science,thematic analysis,3
computer security,e-science,3
human–computer interaction,political science,3
human–computer interaction,usable,3
archaeology,architecture,3
archaeology,reuse,3
computer security,data collection,3
context (archaeology),meta data services,3
context (archaeology),raw data,3
data collection,raw data,3
data element,reuse,3
engineering,meta data services,3
engineering,metadata repository,3
geography,metadata repository,3
documentation,meta data services,3
meta data services,metadata management,3
database,satellite,3
database,vegetation (pathology),3
ecology,upload,3
ecology,vegetation (pathology),3
geography,vegetation (pathology),3
satellite,workflow,3
vegetation (pathology),workflow,3
computational science,modular design,3
virtual machine,workflow engine,3
bioinformatics,dna microarray,3
bioinformatics,gene expression,3
data mining,gene expression,3
gene,visualization,3
genetics,visualization,3
knowledge management,software construction,3
process (computing),software project management,3
process management,software construction,3
bioinformatics,grid,3
distributed computing,drug discovery,3
library science,open innovation,3
library science,sociology of scientific knowledge,3
open innovation,sustainability,3
open science,position (finance),3
sociology of scientific knowledge,the internet,3
data integration,process (computing),3
data mining,search engine indexing,3
information retrieval,search engine indexing,3
search engine indexing,workflow,3
archaeology,data sharing,3
archaeology,documentation,3
archaeology,publishing,3
context (archaeology),data publishing,3
data publishing,documentation,3
data publishing,knowledge management,3
domain (mathematical analysis),ontology,3
programming language,quality assurance,3
database,porting,3
porting,workflow,3
history,literature,3
library science,literature,3
corporate governance,medicine,3
database,qualitative property,3
quality (philosophy),variety (cybernetics),3
art history,history,3
german,marketing,3
public relations,service provider,3
service provider,sociology,3
computer science,vision,3
data management,order (exchange),3
data sharing,digital preservation,3
data sharing,digitization,3
data sharing,relevance (law),3
data sharing,telecommunications,3
database,digital library,3
digital preservation,digitization,3
digital preservation,telecommunications,3
order (exchange),research data,3
sociology,telecommunications,3
vision,world wide web,3
computer science,fishery,3
adaptation (eye),context (archaeology),3
context (archaeology),web service,3
distributed computing,leverage (statistics),3
gateway (web page),grid computing,3
credibility,law,3
finance,law,3
finance,risk analysis (engineering),3
finance,risk management,3
data science,translational science,3
institution,medicine,3
translational science,world wide web,3
business,survey research,3
artificial intelligence,data visualization,3
biological data,workflow,3
data mining,plug-in,3
plug-in,visualization,3
bridging (networking),psychology,3
computer security,social network (sociolinguistics),3
computer security,social psychology,3
social media,software development,3
social network (sociolinguistics),software development,3
social psychology,software,3
environmental resource management,term (time),3
environmental science,term (time),3
operations management,standardization,3
economics,internet privacy,3
incentive,internet privacy,3
computational chemistry,database,3
computational chemistry,workflow,3
computational science,molecular dynamics,3
application programming interface,web service,3
documentation,web service,3
artifact (error),data mining,3
library science,management science,3
management science,subject (documents),3
mathematics,subject (documents),3
parsing,world wide web,3
big data,digital library,3
big data,scope (computer science),3
multidisciplinary approach,scale (ratio),3
biodiversity,data curation,3
biodiversity,data management,3
data management,german,3
database,german,3
artificial intelligence,xpdl,3
pedagogy,training (meteorology),3
sample (material),social science,3
sociology,training (meteorology),3
business,transition (genetics),3
computer science,transition (genetics),3
data mining,ontology-based data integration,3
geography,space (punctuation),3
engineering,oceanography,3
environmental science,telecommunications,3
metadata,oceanography,3
meteorology,satellite,3
oceanography,remote sensing,3
digital library,domain (mathematical analysis),3
domain knowledge,knowledge management,3
knowledge management,teamwork,3
teamwork,world wide web,3
data science,index (typography),3
engineering,repurposing,3
repurposing,workflow,3
cyberinfrastructure,relevance (law),3
library science,relevance (law),3
database,load balancing (electrical power),3
load balancing (electrical power),mathematical optimization,3
load balancing (electrical power),operating system,3
cloud computing,environmental science,3
architecture,data mining,3
big data,workflow management system,3
linked data,semantic interoperability,3
linked data,software engineering,3
ontology,semantic interoperability,3
ontology-based data integration,semantic interoperability,3
ontology-based data integration,software engineering,3
ontology-based data integration,world wide web,3
citizen science,scope (computer science),3
citizen science,telecommunications,3
data sharing,scope (computer science),3
scientific instrument,world wide web,3
data mining,interactive visualization,3
data mining,javascript,3
human–computer interaction,workflow engine,3
big data,computer network,3
cloud computing,graphical user interface,3
computer network,telecommunications,3
exploit,interface (matter),3
interface (matter),telecommunications,3
cloud computing,software versioning,3
devops,flexibility (engineering),3
flexibility (engineering),usable,3
modular design,software portability,3
python (programming language),suite,3
data file,raw data,3
component (thermodynamics),software development,3
component-based software engineering,database,3
component-based software engineering,operating system,3
component-based software engineering,software engineering,3
component-based software engineering,world wide web,3
cyberinfrastructure,software development,3
distributed computing,software development,3
implementation,operating system,3
open source,telecommunications,3
public relations,raw data,3
alliance,engineering ethics,3
alliance,service (business),3
big data,discipline,3
data governance,general partnership,3
data management,general partnership,3
data quality,engineering ethics,3
data quality,general partnership,3
general partnership,service (business),3
cloud computing,scale (ratio),3
computer security,state (computer science),3
law,scale (ratio),3
scale (ratio),telecommunications,3
data sharing,sample (material),3
engineering,sample (material),3
political science,survey data collection,3
cloud computing,engineering ethics,3
computer science,science and engineering,3
data science,science and engineering,3
engineering,science and engineering,3
engineering ethics,science and engineering,3
astronomy,meteorology,3
earth science,open science,3
environmental resource management,physics,3
distributed computing,profiling (computer programming),3
architectural engineering,political science,3
business,information governance,3
computer science,information governance,3
corporate governance,information system,3
corporate governance,management information systems,3
data science,management information systems,3
information governance,information system,3
information governance,knowledge management,3
information governance,management information systems,3
information governance,political science,3
python (programming language),workflow engine,3
python (programming language),workflow technology,3
scripting language,windows workflow foundation,3
business,perception,3
geography,perception,3
marketing,perception,3
business,development (topology),3
development (topology),engineering management,3
development (topology),process management,3
data access,publishing,3
data access,scholarly communication,3
dissemination,openness to experience,3
openness to experience,service (business),3
openness to experience,telecommunications,3
audit,knowledge management,3
audit,management,3
finance,process (computing),3
cohort,geography,3
artificial intelligence,predictive modelling,3
artificial intelligence,simulation,3
computer science,predictive modelling,3
data mining,simulation,3
database,ensemble learning,3
database,predictive modelling,3
ensemble learning,workflow,3
machine learning,predictive modelling,3
machine learning,simulation,3
predictive modelling,workflow,3
commission,european commission,3
commission,knowledge management,3
commission,public administration,3
diversity (politics),pedagogy,3
medical education,quality (philosophy),3
psychology,session (web analytics),3
computer science,particle physics,3
big data,geospatial analysis,3
cloud computing,data processing,3
operating system,perl,3
data curation,operating system,3
data modeling,data science,3
event (particle physics),software,3
aerospace engineering,astronomy,3
aerospace engineering,geography,3
astronomy,earth observation,3
astronomy,sociology,3
center (category theory),geography,3
center (category theory),library science,3
earth (classical element),earth observation,3
earth (classical element),environmental science,3
earth (classical element),remote sensing,3
earth observation,physics,3
data mining,data model (gis),3
accountability,data science,3
accountability,sociology,3
accountability,world wide web,3
data quality,social science,3
sociology,sociotechnical system,3
sociotechnical system,world wide web,3
psychology,replicate,3
psychology,variety (cybernetics),3
statistics,variety (cybernetics),3
code (set theory),systems engineering,3
commission,sociology,3
institutional repository,public relations,3
qualitative research,scholarship,3
data mining,expression (computer science),3
multidisciplinary approach,set (abstract data type),3
artificial intelligence,law,3
interoperability,xml,3
programming language,xml,3
business,population,3
environmental health,global health,3
environmental health,health policy,3
gerontology,nursing,3
gerontology,population,3
global health,nursing,3
global health,population,3
nursing,transparency (behavior),3
public health,transparency (behavior),3
alliance,engineering management,3
alliance,process (computing),3
engineering management,qualitative research,3
portfolio,sociology,3
portfolio,work (physics),3
container (type theory),software portability,3
embedded system,pipeline (software),3
database,workstation,3
workflow,workstation,3
coding (social sciences),political science,3
coding (social sciences),source code,3
open source,reuse,3
public relations,software,3
analytics,component-based software engineering,3
component-based software engineering,data science,3
component-based software engineering,software analytics,3
graphical user interface,software development,3
operating system,software analytics,3
software analytics,software engineering,3
software analytics,workflow,3
software analytics,world wide web,3
government (linguistics),psychology,3
government (linguistics),science policy,3
open government,openness to experience,3
open government,public administration,3
open government,sociology,3
knowledge management,popularity,3
knowledge management,source code,3
engineering,testbed,3
data mining,web application,3
database,phylogenetic tree,3
documentation,web application,3
phylogenetic tree,programming language,3
programming language,tree (set theory),3
software,tree (set theory),3
computer data storage,engineering,3
engineering,information repository,3
code (set theory),metadata,3
data file,metadata,3
crowdsourcing,database,3
crowdsourcing,workflow,3
documentation,structural bioinformatics,3
javascript,scripting language,3
license,python (programming language),3
license,source code,3
python (programming language),reuse,3
source code,structural bioinformatics,3
structural bioinformatics,workflow,3
artificial intelligence,clarity,3
artificial intelligence,syntax,3
clarity,transparency (behavior),3
class (philosophy),database,3
computer science,syntax,3
database,syntax,3
operations research,workflow,3
programming language,syntax,3
position (finance),public relations,3
computer network,data management,3
implementation,service (business),3
process management,reliability (semiconductor),3
portfolio,project management,3
rdm,software engineering,3
metadata,outreach,3
outreach,publishing,3
outreach,service (business),3
geography,geotechnical engineering,3
geology,mechanics,3
benchmark (surveying),mathematical optimization,3
cloud storage,computer security,3
engineering management,legislation,3
law,legislation,3
data science,science education,3
science communication,world wide web,3
ecology,semantic web,3
metadata management,reuse,3
algorithm,identification (biology),3
cloud computing,linked data,3
information retrieval,knowledge base,3
knowledge base,linked data,3
knowledge base,semantic web,3
pipeline (software),task (project management),3
semantic web,task (project management),3
business,usable,3
data as a service,process (computing),3
data as a service,telecommunications,3
data management,usable,3
digitization,rdm,3
library science,politics,3
art,business,3
art,interoperability,3
art,knowledge management,3
business,digital humanities,3
digital humanities,the arts,3
implementation,interoperability,3
implementation,knowledge management,3
data collection,operations management,3
documentation,operations management,3
anthropology,political science,3
anthropology,social science,3
data collection,nonprobability sampling,3
demography,geography,3
demography,sociology,3
linguistics,social science,3
nonprobability sampling,political science,3
business model,sociology,3
cloud computing,function (biology),3
cloud computing,outsourcing,3
agency (philosophy),corporate governance,3
project manager,public relations,3
project manager,sociology,3
consistency (knowledge bases),context (archaeology),3
field (mathematics),management science,3
field (mathematics),process management,3
application programming interface,data access,3
data access,upload,3
biology,variety (cybernetics),3
codebase,documentation,3
codebase,programming language,3
plug-in,source code,3
source code,workbench,3
action (physics),action research,3
action (physics),social science,3
action (physics),sociology,3
action research,social science,3
action research,sociology,3
political science,representation (politics),3
management,media studies,3
publishing,staffing,3
section (typography),sociology,3
sociology,staffing,3
overhead (engineering),world wide web,3
environmental science,habitat,3
geography,habitat,3
big data,cartography,3
cartography,open science,3
data mining,supercomputer,3
best practice,digital library,3
best practice,focus group,3
data collection,focus group,3
data science,focus group,3
digital library,medicine,3
focus group,political science,3
focus group,psychology,3
narrative,process (computing),3
narrative,psychology,3
narrative,sociology,3
participatory action research,political science,3
participatory action research,process (computing),3
engineering,multimedia,3
mathematics education,multimedia,3
data management,server,3
data science,server,3
database,survey data collection,3
knowledge management,survey data collection,3
metadata,originality,3
cornerstone,software,3
paleontology,programming language,3
data science,literacy,3
computation,workflow management system,3
engineering,range (aeronautics),3
gateway (web page),programming language,3
human–computer interaction,variety (cybernetics),3
range (aeronautics),workflow,3
business,psychological intervention,3
environmental resource management,public health,3
geography,nursing,3
multidisciplinary approach,nursing,3
multidisciplinary approach,psychological intervention,3
modular design,scripting language,3
data governance,metadata management,3
heuristic,virtual machine,3
data management,perception,3
engineering ethics,qualitative property,3
engineering,resource management (computing),3
operating system,resource management (computing),3
software,system lifecycle,3
computer network,fault tolerance,3
computer network,identifier,3
metadata,toolbox,3
geography,geospatial metadata,3
information system,value (mathematics),3
code (set theory),data sharing,3
code (set theory),sociology,3
cartography,web service,3
citation,geospatial analysis,3
cyberinfrastructure,geographic information system,3
cyberinfrastructure,identifier,3
geographic information system,metadata,3
geographic information system,open data,3
geospatial analysis,identifier,3
geospatial analysis,web service,3
open data,web service,3
engineering management,social science,3
project management,social science,3
bibliometrics,scholarly communication,3
citation analysis,open research,3
open research,stakeholder,3
medical education,translational research,3
medical education,translational science,3
chemistry,extraction (chemistry),3
social software engineering,software,3
social software engineering,software construction,3
bioinformatics,knowledge management,3
bioinformatics,political science,3
biology,health care,3
the internet,web service,3
field (mathematics),medicine,3
development (topology),political science,3
engineering,multitude,3
dissemination,informatics,3
bridging (networking),business,3
business,frontier,3
data science,frontier,3
frontier,knowledge management,3
frontier,open research,3
frontier,political science,3
digital curation,public relations,3
digital curation,service (business),3
discipline,order (exchange),3
order (exchange),publishing,3
modular design,task (project management),3
flexibility (engineering),personalization,3
operationalization,world wide web,3
grid,throughput,3
grid computing,throughput,3
pipeline (software),protocol (science),3
pipeline (software),throughput,3
data science,web of science,3
web of science,world wide web,3
computer graphics (images),scripting language,3
computer vision,programming language,3
earth science,paleontology,3
data science,training (meteorology),3
e-science,research data,3
library science,training (meteorology),3
computer security,open innovation,3
key (lock),open innovation,3
astronomy,database,3
confidentiality,internet privacy,3
computer security,health care,3
botany,data curation,3
botany,rdm,3
data curation,pedagogy,3
pedagogy,research data,3
end-to-end principle,engineering,3
consolidation (business),database,3
computer science,service design,3
economics,workflow,3
engineering,service delivery framework,3
engineering management,visibility,3
knowledge management,service design,3
library science,service delivery framework,3
political science,service delivery framework,3
political science,visibility,3
public relations,service delivery framework,3
visibility,workflow,3
architecture,computer architecture,3
cloud computing,computer architecture,3
computer architecture,scalability,3
exploratory research,transparency (behavior),3
leverage (statistics),open data,3
perception,world wide web,3
marketing,work in process,3
context (archaeology),digital curation,3
data curation,relation (database),3
data management plan,relation (database),3
identifier,publishing,3
identifier,scholarly communication,3
database,dna microarray,3
dna microarray,workflow,3
dna microarray,world wide web,3
gene,grid,3
genetics,scalability,3
computational biology,parsing,3
file format,workflow,3
parsing,source code,3
government (linguistics),marketing,3
information and communications technology,political science,3
information and communications technology,public relations,3
business,curriculum,3
general partnership,pedagogy,3
general partnership,psychology,3
general partnership,work (physics),3
mathematics,politics,3
philosophy,politics,3
engineering,water resource management,3
environmental resource management,hydrology (agriculture),3
environmental resource management,water resource management,3
environmental science,government (linguistics),3
biology,public relations,3
biology,scopus,3
bridging (networking),sociology,3
medline,scholarly communication,3
medline,scientific communication,3
political science,survey research,3
scientific communication,scopus,3
data management,research council,3
government (linguistics),transparency (behavior),3
open science,research council,3
research council,research data,3
research data,transparency (behavior),3
competence (human resources),library science,3
competence (human resources),public relations,3
competence (human resources),publishing,3
management,open research,3
management,telecommunications,3
knowledge management,transformative learning,3
political science,transformative learning,3
sociology,transformative learning,3
engineering management,nursing,3
data management plan,metadata modeling,3
documentation,metadata modeling,3
information retrieval,metadata modeling,3
computational science,interoperability,3
analytics,health care,3
cloud computing,suite,3
data science,xml,3
programming language,spark (programming language),3
data science,economic growth,3
economic growth,productivity,3
mathematics,rigour,3
analytics,human–computer interaction,3
human–computer interaction,open science,3
open science,open source software,3
cyberinfrastructure,workflow engine,3
astrophysics,operating system,3
identifier,public relations,3
documentation,reusability,3
alternative medicine,publishing,3
law,perspective (graphical),3
open science,raw data,3
diversity (politics),library science,3
diversity (politics),social science,3
inclusion (mineral),library science,3
intellectual property,social science,3
intellectual property,sociology,3
law,presentation (obstetrics),3
database,dna sequencing,3
dna sequencing,workflow,3
chemistry,transition (genetics),3
computer network,process (computing),3
data science,unique identifier,3
unique identifier,workflow,3
bioinformatics,interoperability,3
genomics,world wide web,3
database,software documentation,3
software development,user interface,3
software documentation,workflow,3
data science,host (biology),3
data visualization,raw data,3
e-science,virtual machine,3
database,geomorphology,3
database,hydrology (agriculture),3
database,multispectral image,3
geomorphology,remote sensing,3
geomorphology,workflow,3
hydrology (agriculture),remote sensing,3
hydrology (agriculture),scripting language,3
hydrology (agriculture),workflow,3
conceptual framework,qualitative research,3
conceptual model,data curation,3
conceptual model,qualitative research,3
conceptual model,social science,3
conceptual model,sociology,3
china,rdm,3
database,promotion (chess),3
marketing,promotion (chess),3
promotion (chess),service (business),3
certification,engineering,3
computer security,management,3
pedagogy,value (mathematics),3
project management,value (mathematics),3
context (archaeology),software deployment,3
data mining,software deployment,3
management,open source software,3
citizen science,computer security,3
data quality,raw data,3
data quality,scripting language,3
open data,raw data,3
open data,scripting language,3
quality (philosophy),statistics,3
raw data,transparency (behavior),3
history,social science,3
business,gateway (web page),3
database,european union,3
european research area,world wide web,3
library science,mandate,3
mandate,open data,3
empirical research,social network analysis,3
process (computing),social media,3
process (computing),social network (sociolinguistics),3
process (computing),social network analysis,3
visibility,world wide web,3
cloudsim,engineering,3
computer science,statistical analysis,3
statistical analysis,statistics,3
data science,decision support system,3
best practice,presentation (obstetrics),3
best practice,scope (computer science),3
engineering management,outreach,3
outreach,presentation (obstetrics),3
knowledge management,space (punctuation),3
space (punctuation),workflow,3
economics,staffing,3
management,scholarship,3
public relations,staffing,3
stewardship (theology),sustainability,3
cloud computing,human–computer interaction,3
documentation,implementation,3
documentation,modular design,3
geography,software deployment,3
grid,physics,3
database,scholarship,3
alliance,geography,3
alliance,management,3
competence (human resources),data curation,3
competence (human resources),data management,3
digital preservation,publication,3
linguistics,statistics,3
data governance,government (linguistics),3
open data,process management,3
data sharing,scripting language,3
ecology,scripting language,3
field (mathematics),transparency (behavior),3
rigour,transparency (behavior),3
business model,economics,3
interoperability,politics,3
law,sociology of scientific knowledge,3
open data,standardization,3
open science,standardization,3
politics,work (physics),3
public relations,sociology of scientific knowledge,3
sociology of scientific knowledge,work (physics),3
environmental science,sediment,3
geometry,mathematical optimization,3
machine learning,physics,3
general partnership,workflow,3
commit,context (archaeology),3
health informatics,process (computing),3
management system,nursing,3
nursing,process (computing),3
nursing,quality (philosophy),3
european commission,international trade,3
computer vision,information retrieval,3
computer vision,world wide web,3
data science,image (mathematics),3
image (mathematics),information retrieval,3
human–computer interaction,process management,3
artificial intelligence,health care,3
engineering,timeline,3
python (programming language),terabyte,3
python (programming language),zoom,3
software,terabyte,3
bespoke,data management,3
bespoke,data science,3
bespoke,database,3
bespoke,metadata,3
bespoke,world wide web,3
cloud computing,data governance,3
data extraction,data management,3
data extraction,metadata,3
clinical trial,intensive care medicine,3
clinical trial,medical emergency,3
medical emergency,workflow,3
resource allocation,scheduling (production processes),3
business,systematic review,3
field (mathematics),management,3
field (mathematics),marketing,3
field (mathematics),systematic review,3
process management,systematic review,3
artificial intelligence,empirical research,3
computer security,empirical research,3
computer security,variety (cybernetics),3
context (archaeology),empirical research,3
field (mathematics),software development,3
field (mathematics),task (project management),3
software development,task (project management),3
database,generalizability theory,3
executable,neuroscience,3
executable,psychology,3
executable,verifiable secret sharing,3
neuroimaging,set (abstract data type),3
neuroscience,set (abstract data type),3
programming language,verifiable secret sharing,3
verifiable secret sharing,workflow,3
database,simple (philosophy),3
epistemology,neuroscience,3
crowdsourcing,data mining,3
data sharing,distributed computing,3
cyberinfrastructure,workflow technology,3
data collection,exploratory research,3
data collection,population,3
data management plan,qualitative property,3
metadata,qualitative property,3
metadata,statistics,3
big data,terabyte,3
data mining,terabyte,3
data sharing,e-science,3
economics,risk analysis (engineering),3
economics,schedule,3
management,schedule,3
coding (social sciences),transparency (behavior),3
artificial intelligence,open source software,3
artificial intelligence,pipeline transport,3
computer graphics (images),image processing,3
computer graphics (images),open source,3
data mining,image processing,3
data mining,pipeline transport,3
image (mathematics),programming language,3
image processing,programming language,3
image processing,software,3
cluster (spacecraft),operating system,3
biology,ecosystem services,3
computer science,ecosystem services,3
database,ecosystem,3
database,ecosystem services,3
art,multimedia,3
artificial intelligence,visual arts,3
higher education,world wide web,3
multimedia,visual arts,3
visual arts,workflow,3
plan (archaeology),project management,3
research data,software,3
spatial analysis,world wide web,3
disk formatting,software,3
operating system,spark (programming language),3
pedagogy,scholarship,3
pedagogy,workforce,3
productivity,public relations,3
public relations,workforce,3
data management,the internet,3
field (mathematics),standardization,3
health care,standardization,3
cohort,environmental health,3
cohort study,environmental health,3
computer science,mainstream,3
data science,digital content,3
data science,grey literature,3
digital content,digital library,3
digital library,grey literature,3
grey literature,scholarship,3
computer data storage,distributed computing,3
computer data storage,workflow management system,3
accounting,sociology,3
audit,medicine,3
compliance (psychology),psychology,3
risk analysis (engineering),software development,3
risk analysis (engineering),traceability,3
scope (computer science),set (abstract data type),3
software development,traceability,3
data curation,data publishing,3
data management,data publishing,3
data publishing,interoperability,3
china,cloud computing,3
cloud computing,data as a service,3
data as a service,data sharing,3
data as a service,open data,3
data center,political science,3
data center,service (business),3
multidisciplinary approach,service (business),3
big data,data access,3
big data,information privacy,3
cloud computing,transparency (behavior),3
cyberinfrastructure,data access,3
cyberinfrastructure,transparency (behavior),3
data governance,open science,3
database,information privacy,3
information privacy,transparency (behavior),3
productivity,workflow,3
civil engineering,data science,3
information system,process (computing),3
documentation,gene,3
documentation,genetics,3
interoperability,scripting language,3
scripting language,service (business),3
scripting language,usability,3
data processing,software engineering,3
database,devops,3
executable,modular design,3
json,programming language,3
json,python (programming language),3
installation,programming language,3
interface (matter),software deployment,3
data management,training (meteorology),3
data science,reading (process),3
reading (process),set (abstract data type),3
graphical user interface,preprocessor,3
open source software,the internet,3
python (programming language),the internet,3
asset (computer security),metadata,3
computer security,qualitative research,3
data science,preparedness,3
engineering,preparedness,3
metadata,operations management,3
metadata,stakeholder,3
operations management,stakeholder,3
qualitative research,stakeholder,3
business,empirical research,3
anthropology,art,3
citation,programming language,3
computer science,electronic publishing,3
database,preprint,3
disk formatting,programming language,3
electronic publishing,the internet,3
electronic publishing,world wide web,3
political science,xml,3
publishing,xml,3
big data,engineering management,3
center (category theory),political science,3
computer science,information science,3
engineering,information science,3
information science,information system,3
information science,knowledge management,3
information science,library science,3
business,equity (law),3
equity (law),science policy,3
equity (law),world wide web,3
scalability,usable,3
engineering,reputation,3
publishing,standardization,3
corporate governance,resource (disambiguation),3
corporate governance,software,3
resource (disambiguation),the internet,3
computer science,framing (construction),3
mathematics,science education,3
algorithm,schedule,3
mathematics,schedule,3
data visualization,documentation,3
data visualization,source code,3
mit license,visualization,3
point (geometry),publishing,3
geography,philosophy,3
data collection,project management,3
political science,software deployment,3
cluster analysis,domain (mathematical analysis),3
cluster analysis,key (lock),3
domain (mathematical analysis),management science,3
executable,python (programming language),3
chemistry,python (programming language),3
data science,outsourcing,3
database,outsourcing,3
usability,variety (cybernetics),3
crowdsourcing,geography,3
data science,gene expression,3
data science,transcriptome,3
natural language processing,semantics (computer science),3
semantics (computer science),software,3
software construction,source code,3
artificial intelligence,terminology,3
open source,visualization,3
face (sociological concept),open science,3
face (sociological concept),world wide web,3
open innovation,sociotechnical system,3
best practice,stakeholder,3
engineering management,stakeholder,3
legislation,public relations,3
stakeholder engagement,work (physics),3
correctness,information retrieval,3
focus (optics),geographic information system,3
geographic information system,spatial analysis,3
data science,netcdf,3
python (programming language),usable,3
field (mathematics),publication,3
political science,semantic web,3
publishing,semantic web,3
artificial intelligence,feature extraction,3
computer science,feature extraction,3
container (type theory),programming language,3
modularity (biology),programming language,3
control (management),open science,3
field (mathematics),law,3
law,set (abstract data type),3
source code,upload,3
component (thermodynamics),context (archaeology),3
open source,scripting language,3
distributed computing,pipeline transport,3
pipeline transport,python (programming language),3
biology,credibility,3
data curation,management science,3
management science,rdm,3
alternative medicine,data collection,3
alternative medicine,data quality,3
data element,data sharing,3
data management,metric (unit),3
database,metric (unit),3
metric (unit),operations management,3
metric (unit),political science,3
operations management,public relations,3
political science,research design,3
public relations,research design,3
medicine,nonprobability sampling,3
computer science,inclusion (mineral),3
inclusion (mineral),knowledge management,3
inclusion (mineral),world wide web,3
information system,public relations,3
information system,rdm,3
commons,public relations,3
focus (optics),workflow technology,3
database,dicom,3
dicom,metadata,3
data integration,semantic integration,3
information retrieval,systems engineering,3
ontology-based data integration,semantic computing,3
ontology-based data integration,semantic integration,3
business,data integration,3
construct (python library),software,3
open science,source code,3
open source,plug-in,3
software,windows workflow foundation,3
ecology,population,3
history,workflow,3
computer science,indigenous,3
ecology,indigenous,3
indigenous,public relations,3
indigenous,work (physics),3
library science,population,3
crowdsourcing,public relations,3
digital preservation,plan (archaeology),3
general partnership,geography,3
plan (archaeology),stewardship (theology),3
public relations,science communication,3
automation,political science,3
citation,documentation,3
clinical trial,data collection,3
computer science,ehealth,3
data collection,internal medicine,3
data collection,interoperability,3
marketing,metadata,3
general partnership,management,3
archaeology,law,3
alternative medicine,transparency (behavior),3
computer security,public health,3
open data,public health,3
public health,world wide web,3
digital humanities,philosophy,3
field (mathematics),sampling (signal processing),3
discipline,science policy,3
knowledge sharing,open data,3
knowledge sharing,social science,3
knowledge sharing,sociology,3
marketing,production (economics),3
open innovation,production (economics),3
order (exchange),psychology,3
biodiversity,environmental planning,3
database,environmental planning,3
outreach,public relations,3
citation,ranking (information retrieval),3
citation,relevance (law),3
originality,relevance (law),3
qualitative research,quality (philosophy),3
qualitative research,relevance (law),3
quality (philosophy),task (project management),3
ranking (information retrieval),task (project management),3
data management,netcdf,3
netcdf,raw data,3
debugging,workbench,3
data visualization,usability,3
metadata,ontology-based data integration,3
mathematics,open source software,3
encryption,world wide web,3
computer security,focus (optics),3
bridge (graph theory),medicine,3
magnetic resonance imaging,segmentation,3
data science,sustainability science,3
deep learning,pipeline (software),3
open science,structuring,3
political science,scripting language,3
psychology,structuring,3
collaborative software,software,3
engineering,quality of service,3
job shop scheduling,quality of service,3
job shop scheduling,workflow technology,3
quality of service,workflow engine,3
quality of service,workflow technology,3
environmental planning,open data,3
service (business),staffing,3
pipeline (software),political science,3
medicine,research integrity,3
multivariate statistics,statistics,3
operating system,workspace,3
artificial intelligence,raw data,3
grey literature,law,3
grey literature,library science,3
grey literature,social science,3
literature,world wide web,3
artificial intelligence,open data,3
accounting,family medicine,3
business,pharmacology,3
clinical trial,family medicine,3
family medicine,pharmacology,3
data management,information governance,3
data sharing,information system,3
business,negotiation,3
negotiation,open science,3
negotiation,public relations,3
negotiation,publishing,3
business,social sustainability,3
computer science,social sustainability,3
data sharing,knowledge sharing,3
data sharing,scholarship,3
engineering,knowledge sharing,3
engineering,social sustainability,3
engineering,sustainability science,3
knowledge management,social sustainability,3
knowledge sharing,reuse,3
political science,social sustainability,3
public relations,sustainability science,3
codebase,operating system,3
christian ministry,library science,3
key (lock),law,3
agile software development,personal software process,3
personal software process,software construction,3
classifier (uml),data mining,3
classifier (uml),database,3
classifier (uml),workflow,3
advertising,publication,3
comparability,database,3
robustness (evolution),transparency (behavior),3
simulation,software,3
multimedia,software engineering,3
data analysis,workflow,3
remote sensing,scalability,3
digital curation,plan (archaeology),3
information repository,service (business),3
marketing,plan (archaeology),3
plan (archaeology),publishing,3
plan (archaeology),scholarly communication,3
plan (archaeology),service (business),3
data element,data integration,3
data integration,system integration,3
data model (gis),data quality,3
data quality,field (mathematics),3
asset (computer security),data sharing,3
best practice,economics,3
data sharing,economics,3
database,economics,3
preprocessor,software engineering,3
preprocessor,standardization,3
data sharing,software versioning,3
data visualization,variety (cybernetics),3
database,medical education,3
asynchronous communication,software,3
best practice,sample (material),3
data management,open source,3
globe,psychology,3
process (computing),sample (material),3
alliance,library science,3
environmental science,work (physics),3
annotation,scalability,3
humanities,psychology,3
knowledge management,license,3
bioinformatics,set (abstract data type),3
bottleneck,scalability,3
discoverability,open science,3
excellence,world wide web,3
best practice,mathematics,3
best practice,statistics,3
business,reproducibility,3
economics,scale (ratio),3
geography,reproducibility,3
management,mathematics,3
code (set theory),simple (philosophy),3
documentation,simple (philosophy),3
amplicon,gene,3
action (physics),biology,3
action (physics),process management,3
action research,management,3
action research,process management,3
management,resource (disambiguation),3
plan (archaeology),resource (disambiguation),3
task (project management),visualization,3
botany,neuroscience,3
computational biology,open peer review,3
computational biology,plant biology,3
biodiversity,data sharing,3
business,translational research,3
health care,translational research,3
code (set theory),information retrieval,3
core (optical fiber),information retrieval,3
core (optical fiber),key (lock),3
core (optical fiber),software engineering,3
information retrieval,reusability,3
information retrieval,source code,3
information retrieval,scholarly communication,3
publishing,reading (process),3
data science,virtual reality,3
multimedia,set (abstract data type),3
multimedia,virtual reality,3
operating system,virtual reality,3
scalability,set (abstract data type),3
engineering,normative,3
engineering ethics,normative,3
knowledge management,scientific communication,3
normative,public relations,3
process (computing),relevance (law),3
architecture,visual arts,3
field (mathematics),sustainability,3
bibliometrics,knowledge management,3
biology,telecommunications,3
container (type theory),world wide web,3
digitization,ecology,3
ecology,telecommunications,3
publishing,software engineering,3
political science,reliability (semiconductor),3
data sharing,harmonization,3
engineering,harmonization,3
harmonization,interoperability,3
harmonization,knowledge management,3
clinical trial,psychology,3
dicom,multimedia,3
javascript,the internet,3
algorithm,heuristic,3
algorithm,virtual machine,3
artificial intelligence,virtual machine,3
heuristic,job shop scheduling,3
job shop scheduling,load balancing (electrical power),3
job shop scheduling,virtual machine,3
information retrieval,psychology,3
data set,geography,3
deep learning,pathology,3
machine learning,segmentation,3
accounting,law,3
accounting,library science,3
accounting,publishing,3
blockchain,political science,3
mathematics,publishing,3
regional science,state (computer science),3
environmental science,reproducibility,3
open science,reproducibility,3
open science,stakeholder engagement,3
knowledge management,taxonomy (biology),3
dynamics (music),physics,3
cloud computing,genomics,3
engineering ethics,protocol (science),3
engineering ethics,research design,3
medicine,rigour,3
analytics,context (archaeology),3
law,service provider,3
perspective (graphical),work (physics),3
service provider,work (physics),3
geology,python (programming language),3
scalability,variety (cybernetics),3
best practice,german,3
best practice,pedagogy,3
public relations,scale (ratio),3
machine learning,metadata,3
artificial intelligence,virtual reality,3
cognitive psychology,mathematics,3
alliance,reuse,3
data access,geography,3
data access,plan (archaeology),3
data sharing,general partnership,3
general partnership,open data,3
general partnership,reuse,3
plan (archaeology),reuse,3
engineering,term (time),3
engineering ethics,environmental resource management,3
engineering ethics,environmental science,3
qualitative research,research data,3
agriculture,data curation,3
agriculture,data management,3
cyberinfrastructure,domain (mathematical analysis),3
coding (social sciences),psychology,3
coding (social sciences),social science,3
cancer,identification (biology),3
cancer,personalized medicine,3
computational biology,robustness (evolution),3
gene,robustness (evolution),3
genetics,robustness (evolution),3
genome,medicine,3
genomics,personalized medicine,3
internal medicine,personalized medicine,3
action (physics),open science,3
cloud computing,real-time computing,3
cloud computing,reliability engineering,3
database,reliability engineering,3
energy consumption,real-time computing,3
real-time computing,scheduling (production processes),3
reliability engineering,workflow,3
outreach,sociology,3
scholarly communication,space (punctuation),3
action (physics),context (archaeology),3
action (physics),engineering,3
action (physics),psychology,3
medical education,originality,3
public relations,reputation,3
timeline,workflow,3
mathematics education,open education,3
core (optical fiber),engineering,3
key (lock),open source,3
cloud computing,pedagogy,3
context (archaeology),terminology,3
sociology,terminology,3
comparability,software,3
context (archaeology),data discovery,3
mathematics,social psychology,3
open data,open education,3
openness to experience,pedagogy,3
pedagogy,social psychology,3
philosophy,social psychology,3
ecology,sustainable development,3
energy (signal processing),engineering,3
christian ministry,computer science,3
computer science,descriptive research,3
descriptive statistics,medicine,3
medical education,medical research,3
medical research,political science,3
data quality,health care,3
health care,process (computing),3
health care,scalability,3
process (computing),scalability,3
graduate students,psychology,3
information literacy,knowledge management,3
information literacy,literacy,3
information literacy,originality,3
information literacy,qualitative research,3
literacy,pedagogy,3
certification,data science,3
certification,process (computing),3
peer review,publishing,3
peer review,sociology,3
data science,trait,3
identifier,standardization,3
identifier,terminology,3
identifier,vocabulary,3
information retrieval,trait,3
metadata,terminology,3
computer science,transformation (genetics),3
citizen science,environmental planning,3
documentation,ecology,3
ecology,stakeholder,3
environmental resource management,stakeholder,3
environmental resource management,work (physics),3
data access,documentation,3
data access,software deployment,3
pace,software,3
pace,software engineering,3
python (programming language),software deployment,3
data quality,environmental resource management,3
data mining,metagenomics,3
gene,host (biology),3
host (biology),metagenomics,3
computer science,observational study,3
covariate,mathematics,3
covariate,statistics,3
engineering ethics,public health,3
medical education,workforce,3
computer security,corporate governance,3
data management plan,multidisciplinary approach,3
machine learning,transparency (behavior),3
big data,programming language,3
computer architecture,supercomputer,3
database,encryption,3
encryption,operating system,3
curriculum,database,3
curriculum,workflow,3
code (set theory),political science,3
institution,law,3
publishing,set (abstract data type),3
blockchain,data science,3
credibility,open research,3
knowledge management,traceability,3
political science,traceability,3
artificial intelligence,time series,3
data mining,time series,3
discoverability,geography,3
data quality,pipeline (software),3
knowledge management,pipeline (software),3
data publishing,engineering,3
documentation,incentive,3
incentive,metadata,3
chemistry,metallurgy,3
geology,materials science,3
ecosystem,workflow,3
ecosystem services,environmental resource management,3
ecology,natural (archaeology),3
environmental resource management,library science,3
documentation,open source software,3
open data,open source software,3
accountability,public relations,3
citation,law,3
computer security,data integrity,3
data integrity,workflow,3
data sharing,software deployment,3
computer security,identifier,3
profiling (computer programming),programming language,3
profiling (computer programming),world wide web,3
applied psychology,medical education,3
generative grammar,work (physics),3
artificial intelligence,limiting,3
artificial intelligence,optics,3
computer science,limiting,3
database,optics,3
graphical user interface,mit license,3
field (mathematics),pace,3
field (mathematics),reusability,3
open science,reusability,3
pace,sociology,3
process (computing),reusability,3
database,product (mathematics),3
empirical research,statistics,3
open source,statistics,3
openness to experience,process (computing),3
operating system,product (mathematics),3
code (set theory),toolbox,3
code review,documentation,3
data science,static program analysis,3
interface (matter),key (lock),3
interface (matter),open science,3
interface (matter),open source,3
interface (matter),toolbox,3
data curation,reusability,3
curriculum,engineering ethics,3
cornerstone,data sharing,3
process (computing),software versioning,3
computer security,research integrity,3
public relations,research integrity,3
research integrity,transparency (behavior),3
art,open source,3
art,operating system,3
environmental science,history,3
autonomy,engineering,3
autonomy,sociology,3
dna sequencing,metagenomics,3
annotation,context (archaeology),3
computer science,modeling language,3
database,modeling language,3
modeling language,workflow,3
process management,scalability,3
cognition,cognitive psychology,3
cognition,data science,3
cognitive psychology,neuroscience,3
bayesian probability,mathematics,3
bayesian probability,statistics,3
causal inference,econometrics,3
causal inference,mathematics,3
causal inference,weighting,3
mathematics,scripting language,3
popularity,psychology,3
academic library,engineering,3
scholarship,work (physics),3
data management plan,management,3
protocol (science),raw data,3
exploit,publishing,3
political science,reading (process),3
context (archaeology),linked data,3
data mapping,data mining,3
data mapping,schema (genetic algorithms),3
open data,software engineering,3
biodiversity,metadata,3
ecology,raw data,3
interactive visualization,programming language,3
ecology,environmental ethics,3
engineering,tracking (education),3
environmental ethics,public relations,3
cheminformatics,data mining,3
cheminformatics,pipeline (software),3
pipeline (software),systems engineering,3
operating system,publishing,3
open source software,workflow,3
ecosystem,software,3
ecosystem,software development,3
relevance (law),software engineering,3
economics,open research,3
face (sociological concept),open data,3
incentive,science policy,3
biology,medical physics,3
identification (biology),medline,3
identification (biology),population,3
environmental resource management,metadata,3
microservices,workflow,3
business,harmonization,3
information retrieval,scale (ratio),3
mathematics,spatial analysis,3
spatial analysis,statistics,3
engineering ethics,professional development,3
econometrics,inference,3
bottleneck,cloud computing,3
bottleneck,workflow management system,3
embedded system,workflow technology,3
controlled vocabulary,data science,3
controlled vocabulary,database,3
controlled vocabulary,metadata,3
controlled vocabulary,workflow,3
controlled vocabulary,world wide web,3
data mapping,metadata repository,3
cartography,meteorology,3
machine learning,usability,3
annotation,metagenomics,3
bioinformatics,data curation,3
data curation,python (programming language),3
data science,inference,3
database,inference,3
metagenomics,python (programming language),3
context (archaeology),implementation,3
drone,engineering,3
data science,preprint,3
open source,work (physics),3
preprint,protocol (science),3
identifier,process (computing),3
epistemology,medicine,3
epistemology,replication (statistics),3
engineering,pharmacology,3
biodiversity,open data,3
computer science,hazard,3
business,tanzania,3
environmental planning,tanzania,3
marketing,operations management,3
public relations,tanzania,3
best practice,openness to experience,3
openness to experience,promotion (chess),3
context (archaeology),identification (biology),3
geography,identification (biology),3
identification (biology),publishing,3
bioinformatics,biomarker,3
bioinformatics,cancer research,3
biomarker,proteomics,3
cancer research,computational biology,3
cancer research,gene,3
cancer research,genetics,3
computational biology,oncology,3
medicine,proteomics,3
bioinformatics,physics,3
best practice,general partnership,3
component (thermodynamics),political science,3
documentation,resource (disambiguation),3
clinical trial,data security,3
data management,information privacy,3
data sharing,electronic data capture,3
political science,ranking (information retrieval),3
ranking (information retrieval),sociology,3
clarity,political science,3
engineering,framing (construction),3
computer security,physical therapy,3
computer security,population,3
physical medicine and rehabilitation,physical therapy,3
clinical trial,standardization,3
perspective (graphical),standardization,3
european commission,law,3
open data,space (punctuation),3
open science,space (punctuation),3
database,snapshot (computer storage),3
focus (optics),information system,3
political science,snapshot (computer storage),3
medline,transparency (behavior),3
blockchain,data integrity,3
blockchain,interoperability,3
blockchain,process management,3
computer security,intellectual property,3
data integrity,process (computing),3
process (computing),raw data,3
code (set theory),theoretical computer science,3
molecular dynamics,physics,3
programming language,quantum mechanics,3
data access,intellectual property,3
internet privacy,transparency (behavior),3
interoperability,terminology,3
dissemination,interoperability,3
fair use,interoperability,3
biochemistry,medicine,3
computer science,oncology,3
internal medicine,library science,3
internal medicine,political science,3
medline,oncology,3
meta-analysis,oncology,3
scopus,transparency (behavior),3
data mining,executable,3
data management,digital scholarship,3
citizen journalism,engineering ethics,3
citizen science,data collection,3
engineering ethics,participatory action research,3
institution,service (business),3
institution,subject (documents),3
research data,subject (documents),3
service (business),subject (documents),3
order (exchange),quality (philosophy),3
project management,relevance (law),3
project management,resource (disambiguation),3
inference,robustness (evolution),3
programming language,robustness (evolution),3
robustness (evolution),scripting language,3
artificial intelligence,readability,3
readability,scripting language,3
cartography,hydrology (agriculture),3
ecology,water resource management,3
humanities,open data,3
humanities,open science,3
medical emergency,psychology,3
bioinformatics,structural bioinformatics,3
cheminformatics,programming language,3
cheminformatics,python (programming language),3
cheminformatics,source code,3
cheminformatics,structural bioinformatics,3
modular design,open source,3
open source,structural bioinformatics,3
software engineering,structural bioinformatics,3
cyberinfrastructure,open research,3
open research,set (abstract data type),3
business,distribution (mathematics),3
distribution (mathematics),engineering,3
distribution (mathematics),political science,3
inequality,political science,3
inequality,sociology,3
intellectual property,sociology of scientific knowledge,3
citation,context (archaeology),3
citation,data sharing,3
cornerstone,engineering,3
transparency (behavior),variety (cybernetics),3
environmental health,medical emergency,3
internal medicine,telemedicine,3
medical emergency,telemedicine,3
medicine,the internet,3
bioconductor,bioinformatics,3
business,scientific communication,3
business,scientific literature,3
context (archaeology),novelty,3
context (archaeology),scientific communication,3
marketing,scientific literature,3
novelty,political science,3
scientific literature,work (physics),3
artificial intelligence,controlled vocabulary,3
artificial intelligence,vocabulary,3
controlled vocabulary,linguistics,3
interoperability,linguistics,3
health care,stakeholder,3
medicine,stakeholder engagement,3
nursing,stakeholder,3
academic library,data management,3
academic library,database,3
academic library,research data,3
digital curation,open science,3
information retrieval,scope (computer science),3
higher education,open science,3
commit,data science,3
exploratory research,software,3
machine learning,quality (philosophy),3
biology,interpretation (philosophy),3
data management,european union,3
data science,european commission,3
european union,field (mathematics),3
sociology,status quo,3
application programming interface,cloud computing,3
cloud computing,personalization,3
data management,personalization,3
public relations,systematic review,3
reuse,software deployment,3
law,science policy,3
checklist,database,3
checklist,documentation,3
checklist,world wide web,3
scope (computer science),standardization,3
cloud computing,reinforcement learning,3
epistemology,perspective (graphical),3
nonprobability sampling,qualitative research,3
qualitative research,research design,3
mathematical optimization,real-time computing,3
mathematical optimization,server,3
quality of service,server,3
data mining,work (physics),3
open research,process management,3
open research,risk analysis (engineering),3
transparency (behavior),visibility,3
cloud computing,deep learning,3
subject (documents),work (physics),3
database,knowledge graph,3
interoperability,sparql,3
knowledge graph,workflow,3
best practice,medline,3
data science,meta-analysis,3
multimedia,source code,3
acupuncture,randomized controlled trial,3
acupuncture,surgery,3
clinical trial,cochrane library,3
clinical trial,surgery,3
cochrane library,data extraction,3
developing country,political science,3
developing country,public relations,3
economic growth,health services research,3
economic growth,public health,3
economics,public health,3
economics,publication,3
medical education,peer review,3
medicine,publication,3
law,reproducibility,3
database,shared resource,3
shared resource,workflow,3
exploratory research,medicine,3
coronavirus disease 2019 (covid-19),publishing,3
digitization,medicine,3
digitization,public relations,3
digitization,work (physics),3
pandemic,publishing,3
space (punctuation),work (physics),3
environmental ethics,open science,3
automation,embedded system,3
automation,machine learning,3
annotation,modular design,3
gene,modular design,3
genetics,modular design,3
genome,python (programming language),3
genomics,programming language,3
genomics,python (programming language),3
breast cancer,internal medicine,3
breast cancer,medicine,3
cancer,disease,3
cancer,meta-analysis,3
cancer,physical therapy,3
psychiatry,surgery,3
artificial intelligence,drug,3
artificial intelligence,pharmacology,3
drug discovery,pharmacology,3
coronavirus disease 2019 (covid-19),medical emergency,3
family medicine,infectious disease (medical specialty),3
family medicine,pandemic,3
family medicine,telemedicine,3
infectious disease (medical specialty),medical emergency,3
medical emergency,pandemic,3
medical emergency,public health,3
nursing,telemedicine,3
artificial neural network,benchmark (surveying),3
benchmarking,programming language,3
machine learning,variety (cybernetics),3
benchmark (surveying),mathematics,3
benchmark (surveying),statistics,3
mathematics,probabilistic logic,3
probabilistic logic,statistics,3
code (set theory),flexibility (engineering),3
modular design,pipeline transport,3
pipeline (software),scale (ratio),3
pipeline transport,software deployment,3
climate change,ecosystem,3
data mining,library science,3
digital library,information retrieval,3
information retrieval,medline,3
information retrieval,scopus,3
artificial intelligence,precision medicine,3
bioinformatics,geography,3
alternative medicine,artificial intelligence,3
artificial intelligence,psychiatry,3
causal inference,inference,3
computer science,randomized controlled trial,3
internal medicine,psychological intervention,3
psychological intervention,randomized controlled trial,3
adverse effect,family medicine,3
cochrane library,pharmacology,3
immunology,intensive care medicine,3
immunology,internal medicine,3
immunology,medline,3
medline,pharmacology,3
meta-analysis,pharmacology,3
family medicine,traditional medicine,3
medline,traditional medicine,3
algorithm,physics,3
artificial intelligence,quantum mechanics,3
computer science,quantum,3
cartography,interoperability,3
deep learning,distributed computing,3
computer security,open standard,3
metadata,open research,3
open data,open standard,3
artificial intelligence,flexibility (engineering),3
data mining,flexibility (engineering),3
systems engineering,usable,3
indigenous,open science,3
social science,state (computer science),3
computer science,design science research,3
data science,design science research,3
design science research,engineering,3
design science research,knowledge management,3
intensive care medicine,medical physics,3
medline,radiology,3
2019-20 coronavirus outbreak,bioinformatics,3
2019-20 coronavirus outbreak,intensive care medicine,3
bioinformatics,virology,3
biology,pharmacology,3
computational biology,coronavirus disease 2019 (covid-19),3
computational biology,drug discovery,3
computational biology,pharmacology,3
computational biology,severe acute respiratory syndrome coronavirus 2 (sars-cov-2),3
intensive care medicine,severe acute respiratory syndrome coronavirus 2 (sars-cov-2),3
amplicon,data science,3
data processing,pipeline (software),3
data processing,pipeline transport,3
cochrane library,diabetes mellitus,3
diabetes mellitus,intensive care medicine,3
diabetes mellitus,medline,3
diabetes mellitus,meta-analysis,3
biology,endocrinology,3
data science,politics,3
empirical research,political science,3
entrepreneurship,political science,3
social network analysis,sociology,3
artificial intelligence,embedding,3
data science,embedding,3
database,embedding,3
embedding,workflow,3
computer security,grey literature,3
computer security,scientific communication,3
computer security,social science,3
information system,publishing,3
information system,scientific communication,3
open research,visibility,3
scientific communication,social science,3
engineering ethics,software,3
mathematics education,software engineering,3
2019-20 coronavirus outbreak,engineering,3
coronavirus disease 2019 (covid-19),mathematics,3
econometrics,medicine,3
engineering,severe acute respiratory syndrome coronavirus 2 (sars-cov-2),3
mathematics,virology,3
autonomy,law,3
best practice,preparedness,3
best practice,public health,3
coronavirus disease 2019 (covid-19),environmental health,3
environmental health,infectious disease (medical specialty),3
environmental health,law,3
infectious disease (medical specialty),public relations,3
law,preparedness,3
nursing,virology,3
outbreak,public health,3
pathology,preparedness,3
political science,virology,3
field (mathematics),statistics,3
mathematics,r package,3
r package,statistics,3
annotation,ontology,3
computer science,open biomedical ontologies,3
data science,open biomedical ontologies,3
information retrieval,open biomedical ontologies,3
ontology,visualization,3
advertising,computer security,3
advertising,internet privacy,3
advertising,political science,3
advertising,public relations,3
database,radiology,3
medicine,quality assurance,3
pathology,quality assurance,3
convolutional neural network,feature (linguistics),3
deep learning,feature (linguistics),3
deep learning,identification (biology),3
identification (biology),set (abstract data type),3
artificial intelligence,correlation,3
artificial intelligence,genome-wide association study,3
artificial intelligence,single-nucleotide polymorphism,3
correlation,data mining,3
data mining,genome-wide association study,3
data mining,multivariate statistics,3
machine learning,multivariate statistics,3
machine learning,psychology,3
gene,physics,3
genetics,physics,3
genome,operating system,3
bioinformatics,phenotype,3
computation,theoretical computer science,3
dissemination,multidisciplinary approach,3
filter (signal processing),world wide web,3
pipeline (software),set (abstract data type),3
meta-analysis,surgery,3
corporate governance,qualitative research,3
code (set theory),empirical research,3
empirical research,programming language,3
best practice,key (lock),3
cochrane library,environmental health,3
data extraction,psychological intervention,3
data extraction,systematic review,3
disease,systematic review,3
environmental health,psychiatry,3
environmental health,systematic review,3
internal medicine,population,3
meta-analysis,psychological intervention,3
internal medicine,law,3
artificial intelligence,curriculum,3
mathematics education,resource (disambiguation),3
data science,snapshot (computer storage),3
information system,standardization,3
economics,philosophy,3
computer graphics (images),segmentation,3
computer vision,motion (physics),3
business,infectious disease (medical specialty),3
disease,geography,3
geography,infectious disease (medical specialty),3
replicate,replication (statistics),3
computer science,grand challenges,3
grand challenges,political science,3
field (mathematics),service (business),3
e-science,publishing,3
convolutional neural network,workflow,3
feature (linguistics),scalability,3
consolidation (business),economics,3
consolidation (business),information system,3
consolidation (business),knowledge management,3
consolidation (business),management,3
consolidation (business),marketing,3
consolidation (business),political science,3
consolidation (business),publishing,3
information infrastructure,sociology,3
publishing,sociology of scientific knowledge,3
digital humanities,regional science,3
humanities,regional science,3
civil engineering,life-cycle assessment,3
civil engineering,sustainability,3
environmental economics,environmental science,3
environmental economics,sustainability,3
environmental resource management,life-cycle assessment,3
sustainability,transparency (behavior),3
artificial intelligence,nursing,3
machine learning,outcome (game theory),3
biology,interpretability,3
interpretability,software,3
data sharing,multidisciplinary approach,3
engineering management,usability,3
process management,usability,3
genome,mit license,3
data mining,middleware (distributed applications),3
2019-20 coronavirus outbreak,data science,3
data science,severe acute respiratory syndrome coronavirus 2 (sars-cov-2),3
humanities,knowledge management,3
chemistry,ecology,3
matlab,scripting language,3
matlab,toolbox,3
ecology,pipeline (software),3
gene expression,genome,3
pipeline (software),transcriptome,3
art,public relations,3
history,visual arts,3
quality (philosophy),reusability,3
reusability,set (abstract data type),3
agile software development,data science,3
computer science,global health,3
global health,open research,3
global health,open science,3
analytics,key (lock),3
computer science,energy (signal processing),3
open data,risk analysis (engineering),3
best practice,qualitative research,3
higher education,science education,3
open educational resources,open science,3
open educational resources,political science,3
open educational resources,sociology,3
perspective (graphical),resource (disambiguation),3
statistics,theoretical computer science,3
nuclear medicine,statistics,3
context (archaeology),natural language processing,3
computer graphics (images),toolbox,3
best practice,digitization,3
family medicine,gerontology,3
family medicine,systematic review,3
general partnership,process management,3
focus (optics),scalability,3
context (archaeology),european union,3
context (archaeology),public administration,3
geography,international trade,3
artificial intelligence,standardization,3
database,transcriptome,3
gene expression,programming language,3
programming language,rna-seq,3
programming language,transcriptome,3
certification,interoperability,3
certification,knowledge management,3
context (archaeology),stewardship (theology),3
process (computing),stewardship (theology),3
data curation,mathematics,3
geography,openness to experience,3
economics,regional science,3
corporate governance,sustainability,3
ecology,sustainability science,3
sociology,sustainability science,3
autonomy,management,3
immune system,immunology,3
genetics,immunology,3
artificial intelligence,multispectral image,3
artificial neural network,database,3
artificial neural network,random forest,3
database,random forest,3
metadata,openness to experience,3
confidentiality,psychology,3
data sharing,preparedness,3
astronomy,law,3
clarity,data mining,3
pathology,standardization,3
context (archaeology),population,3
focus (optics),service (business),3
artificial intelligence,schedule,3
computer data storage,data mining,3
data mining,metadata management,3
discoverability,metadata repository,3
medline,preprint,3
big data,grand challenges,3
big data,social science,3
citizen science,discipline,3
citizen science,set (abstract data type),3
engineering ethics,space (punctuation),3
science policy,set (abstract data type),3
computer science,grassroots,3
machine learning,suite,3
machine learning,systems engineering,3
set (abstract data type),suite,3
artificial intelligence,reinforcement learning,3
data science,json,3
medline,scale (ratio),3
business,grey literature,3
digital library,workflow,3
grey literature,service (business),3
relation (database),work (physics),3
big data,data warehouse,3
business,data discovery,3
data science,elixir (programming language),3
engineering,science education,3
engineering ethics,science education,3
open research,promotion (chess),3
intervention (counseling),psychology,3
documentation,statistics,3
computational science,open source,3
chemistry,sociology,3
political science,transition (genetics),3
sociology,transition (genetics),3
context (archaeology),sustainable development,3
environmental resource management,risk management,3
environmental science,risk management,3
geography,risk management,3
computer science,trustworthiness,3
computer security,trustworthiness,3
trustworthiness,workflow,3
cloud computing,thematic map,3
context (archaeology),pathology,3
higher education,medical education,3
deep learning,leverage (statistics),3
data management,section (typography),3
coronavirus disease 2019 (covid-19),medical education,3
e-science,rdm,3
scientific literature,sociology of scientific knowledge,3
the internet,transparency (behavior),3
documentation,replication (statistics),3
library science,statistics,3
domain knowledge,ontology,3
deep learning,mathematics,3
image segmentation,pattern recognition (psychology),3
pattern recognition (psychology),statistics,3
interoperability,software versioning,3
reuse,standardization,3
computational biology,context (archaeology),3
computational biology,systems biology,3
biology,econometrics,3
cancer,cancer research,3
equity (law),law,3
internet privacy,preprint,3
search engine indexing,world wide web,3
artificial neural network,biology,3
artificial neural network,cancer,3
artificial neural network,classifier (uml),3
bioinformatics,deep learning,3
cancer,deep learning,3
cancer,machine learning,3
cluster analysis,machine learning,3
mathematics,sample (material),3
sample (material),statistics,3
personalization,usability,3
environmental science,interoperability,3
geospatial analysis,open source,3
benchmark (surveying),geography,3
cartography,machine learning,3
algorithm,ecology,3
algorithm,environmental science,3
algorithm,meteorology,3
climate change,mathematics,3
meteorology,scale (ratio),3
biology,function (biology),3
computer science,modalities,3
best practice,coding (social sciences),3
code (set theory),coding (social sciences),3
code review,coding (social sciences),3
key (lock),transparency (behavior),3
computer science,environmental data,3
data science,environmental data,3
database,environmental data,3
ecology,environmental data,3
environmental data,metadata,3
environmental data,world wide web,3
bibliometrics,information retrieval,3
bibliometrics,scopus,3
operating system,robot,3
data sharing,dimension (graph theory),3
harmonization,metadata,3
data science,data set,3
engineering,open educational resources,3
knowledge management,open educational resources,3
open educational resources,world wide web,3
order (exchange),pedagogy,3
open innovation,value (mathematics),3
database,open peer review,3
database,plant biology,3
artifact (error),artificial intelligence,3
general partnership,medicine,3
art history,cloud computing,3
art history,media studies,3
art history,physics,3
art history,politics,3
history,physics,3
media studies,physics,3
physics,telecommunications,3
best practice,bridge (graph theory),3
best practice,incentive,3
bridge (graph theory),engineering,3
database,nanotechnology,3
materials science,software engineering,3
software engineering,stewardship (theology),3
documentation,readability,3
installation,pipeline (software),3
pipeline transport,source code,3
source code,user interface,3
computer science,thematic map,3
thematic map,world wide web,3
health care,resource (disambiguation),3
2019-20 coronavirus outbreak,public health,3
health informatics,health services research,3
internal medicine,outbreak,3
public health,severe acute respiratory syndrome coronavirus 2 (sars-cov-2),3
human–computer interaction,mit license,3
management science,science policy,3
computer vision,image segmentation,3
convolutional neural network,segmentation,3
environmental health,social science,3
consistency (knowledge bases),information retrieval,3
consistency (knowledge bases),standardization,3
geospatial metadata,workflow,3
reusability,workflow engine,3
reusability,workflow technology,3
gene,immune system,3
public relations,sustainable development,3
automation,modular design,3
automation,orchestration,3
devops,orchestration,3
devops,resource (disambiguation),3
implementation,orchestration,3
implementation,resource (disambiguation),3
intervention (counseling),physical therapy,3
psychological intervention,surgery,3
alliance,medicine,3
medicine,sustainability,3
checklist,protocol (science),3
data collection,protocol (science),3
exploratory research,process (computing),3
exploratory research,protocol (science),3
process (computing),protocol (science),3
cancer,database,3
cancer,workflow,3
domain (mathematical analysis),reusability,3
embedded system,scheduling (production processes),3
diversity (politics),interoperability,3
open science,viewpoints,3
documentation,maintainability,3
geospatial analysis,programming language,3
disease,psychology,3
internal medicine,psychology,3
database,table (database),3
semantic interoperability,workflow,3
artificial neural network,process (computing),3
artificial neural network,software,3
convolutional neural network,software,3
code (set theory),usability,3
reusability,software development,3
source code,usability,3
data science,development (topology),3
family medicine,randomized controlled trial,3
finance,open data,3
finance,psychology,3
quality (philosophy),scholarly communication,3
industrial organization,marketing,3
interoperability,vendor,3
benchmarking,best practice,3
benchmarking,engineering management,3
relevance (law),service (business),3
conceptual framework,corporate governance,3
conceptual framework,management,3
conceptual framework,political science,3
corporate governance,politics,3
data visualization,user interface,3
software,tracking (education),3
benchmark (surveying),job shop scheduling,3
energy consumption,job shop scheduling,3
asset (computer security),finance,3
data sharing,flexibility (engineering),3
artificial intelligence,oceanography,3
cloud computing,upload,3
open research,resource (disambiguation),3
open science,usable,3
commercialization,open innovation,3
computer science,industrial organization,3
citizen science,environmental science,3
medical education,population,3
economics,sustainable development,3
engineering ethics,sustainable development,3
knowledge management,sustainable development,3
cluster analysis,task (project management),3
algorithm,resource (disambiguation),3
scholarly communication,the internet,3
geography,mathematics education,3
machine learning,pipeline (software),3
identifier,python (programming language),3
artificial intelligence,satellite,3
gene,statistics,3
computer security,medline,3
law,peer review,3
library science,peer review,3
peer review,preprint,3
preprint,sociology,3
computer science,guideline,3
cornerstone,medicine,3
pathology,publishing,3
robustness (evolution),software,3
environmental engineering,geography,3
exploratory data analysis,software,3
data curation,ibm,3
ibm,rdm,3
control (management),event (particle physics),3
engineering,real-time computing,3
protocol (science),visualization,3
session (web analytics),stewardship (theology),3
data discovery,transparency (behavior),3
data element,data mapping,3
big data,leverage (statistics),3
data type,leverage (statistics),3
data type,operating system,3
data type,scripting language,3
data type,upload,3
leverage (statistics),scripting language,3
leverage (statistics),upload,3
python (programming language),segmentation,3
big data,data management plan,3
data integration,data management plan,3
data integration,work (physics),3
data model (gis),object (grammar),3
computer science,digital data,3
data science,digital data,3
digital data,metadata,3
digital data,world wide web,3
big data,deep learning,3
drug discovery,world wide web,3
identifier,plan (archaeology),3
field (mathematics),value (mathematics),3
intensive care medicine,protocol (science),3
meta-analysis,protocol (science),3
latin americans,open science,3
deep learning,metadata,3
best practice,set (abstract data type),3
point (geometry),programming language,3
open data,presentation (obstetrics),3
natural language processing,process (computing),3
context (archaeology),mathematics education,3
data integration,software,3
descriptive statistics,knowledge management,3
agile software development,software deployment,3
devops,personal software process,3
devops,software development process,3
personal software process,social software engineering,3
personal software process,software deployment,3
software deployment,software development process,3
information infrastructure,regional science,3
information system,regional science,3
knowledge management,regional science,3
computational chemistry,physics,3
metallurgy,physics,3
information retrieval,json,3
health care,population,3
inference,pipeline (software),3
stakeholder,transparency (behavior),3
benchmark (surveying),data science,3
citizen science,qualitative research,3
data collection,open science,3
science policy,sociology of scientific knowledge,3
business,cornerstone,3
negotiation,sociology,3
openness to experience,science education,3
digital health,political science,3
digital health,psychological intervention,3
management science,sustainability,3
stakeholder,sustainability,3
knowledge graph,knowledge management,3
blueprint,workflow,3
data warehouse,workflow,3
software deployment,software security assurance,3
corporate governance,environmental resource management,3
best practice,thematic analysis,3
metadata,supercomputer,3
interoperability,open biomedical ontologies,3
botany,ecology,3
agile software development,usability,3
disease,personalized medicine,3
internal medicine,machine learning,3
global health,medline,3
cloud computing,dashboard,3
archaeology,information retrieval,3
information retrieval,rdm,3
business,earth system science,3
data governance,stewardship (theology),3
implementation,metadata,3
implementation,variety (cybernetics),3
cloud computing,information system,3
data processing,geography,3
citizen science,public administration,3
equity (law),quality (philosophy),3
artificial intelligence,enhanced data rates for gsm evolution,3
cloud computing,enhanced data rates for gsm evolution,3
database,enhanced data rates for gsm evolution,3
enhanced data rates for gsm evolution,workflow,3
psychology,sustainability,3
computational biology,deep learning,3
capacity building,economic growth,3
capacity building,economics,3
capacity building,open science,3
marketing,open research,3
knowledge management,tanzania,3
sociology,tanzania,3
digital preservation,open science,3
fault tolerance,systems engineering,3
geography,preparedness,3
cartography,gene,3
cartography,genome,3
computational biology,scale (ratio),3
genetics,scale (ratio),3
genome,scale (ratio),3
genomics,scale (ratio),3
credibility,open data,3
archaeology,interoperability,3
genetics,phenotype,3
blueprint,software,3
electronic publishing,scholarly communication,3
electronic publishing,scientific publishing,3
descriptive statistics,population,3
biology,trait,3
business,open peer review,3
business,plant biology,3
engineering,open peer review,3
engineering,plant biology,3
open science,productivity,3
productivity,service (business),3
data collection,field (mathematics),3
dashboard,operating system,3
checklist,systematic review,3
computer security,systematic review,3
computer science,mental health,3
covariate,data mining,3
devops,systems engineering,3
modular design,toolbox,3
citizen science,european union,3
history,natural (archaeology),3
medical imaging,medical physics,3
dissemination,psychology,3
medical education,scholarly communication,3
code refactoring,software development,3
maintainability,software,3
maintainability,software development process,3
cloud computing,visualization,3
executable,visualization,3
open data,qualitative property,3
context (archaeology),digitization,3
digitization,open data,3
medicine,relevance (law),3
economic growth,science policy,3
citizen science,metadata,3
economic growth,management,3
higher education,law,3
scope (computer science),transparency (behavior),3
novelty,open science,3
open data,reusability,3
artificial neural network,medicine,3
deep learning,internal medicine,3
open innovation,work (physics),3
open source software,work (physics),3
information privacy,knowledge management,3
information privacy,open data,3
autonomy,business,3
exploratory research,human–computer interaction,3
control (management),information retrieval,3
philosophy,social science,3
artificial intelligence,scope (computer science),3
data set,database,3
data set,workflow,3
competence (human resources),dissemination,3
artificial intelligence,tracking (education),3
mathematics,predictability,3
metadata,reusability,3
scholarship,software,3
archaeology,mathematics,3
metadata,pathology,3
best practice,variety (cybernetics),3
corporate governance,key (lock),3
corporate governance,process (computing),3
data governance,key (lock),3
harmonization,workflow,3
process (computing),production (economics),3
engineering ethics,sociology of scientific knowledge,3
job shop scheduling,server,3
action (physics),physics,3
geography,perspective (graphical),3
perspective (graphical),sustainable development,3
cognitive psychology,social psychology,3
flexibility (engineering),source code,3
cartography,computer vision,3
cartography,segmentation,3
computer vision,geography,3
computer vision,geology,3
geology,segmentation,3
physics,work (physics),3
open science,pipeline (software),3
2019-20 coronavirus outbreak,medline,3
coronavirus disease 2019 (covid-19),psychology,3
medline,severe acute respiratory syndrome coronavirus 2 (sars-cov-2),3
medline,virology,3
pandemic,psychology,3
artificial intelligence,nuclear medicine,3
transformative learning,workflow,3
context (archaeology),social psychology,3
interoperability,plan (archaeology),3
computer science,distribution (mathematics),3
autonomy,data science,3
dissemination,sociology of scientific knowledge,3
open research,order (exchange),3
professional development,work (physics),3
term (time),world wide web,3
computer science,digital transformation,3
digital transformation,political science,3
open data,promotion (chess),3
metric (unit),quality (philosophy),3
metric (unit),workflow,3
cinahl,medical education,3
cinahl,political science,3
leverage (statistics),programming language,3
computer science,radiomics,3
computer security,embedded system,3
economics,physics,3
identification (biology),process (computing),3
art,biology,3
artificial intelligence,nanotechnology,3
computer network,programming language,3
cloud computing,ecology,3
debugging,software development,3
relevance (law),usability,3
benchmark (surveying),code (set theory),3
benchmark (surveying),suite,3
code (set theory),suite,3
environmental science,reuse,3
reuse,waste management,3
interactive visualization,interface (matter),3
segmentation,toolbox,3
interpretability,workflow,3
biology,philosophy,3
cognitive science,mathematics,3
medicine,philosophy,3
philosophy,reproducibility,3
equity (law),medicine,3
health care,health equity,3
health equity,public relations,3
metadata,personalization,3
biology,family medicine,3
artificial intelligence,state (computer science),3
intellectual property,open innovation,3
health equity,medline,3
health equity,nursing,3
database,supply chain,3
operating system,supply chain,3
scalability,supply chain,3
digital data,open research,3
fishery,geography,3
container (type theory),documentation,3
field (mathematics),sociology of scientific knowledge,3
geography,information infrastructure,3
biology,executable,3
medicine,microbiome,3
materials science,scalability,3
corporate governance,indigenous,3
corporate governance,work (physics),3
physics,public administration,3
equity (law),politics,3
health care,inclusion (mineral),3
health care,surgery,3
inclusion (mineral),psychological intervention,3
inclusion (mineral),systematic review,3
nursing,surgery,3
cochrane library,psychology,3
cochrane library,scopus,3
population,thematic analysis,3
scopus,thematic analysis,3
environmental health,quality (philosophy),3
mechanical engineering,software,3
audit,best practice,3
best practice,corporate governance,3
cartography,python (programming language),3
directory,open science,3
directory,political science,3
directory,public relations,3
directory,publishing,3
directory,scholarly communication,3
business,linguistics,3
human–computer interaction,preprocessor,3
rdm,stakeholder,3
mathematics,particle swarm optimization,3
computer science,surgery,3
cancer,radiomics,3
oncology,radiomics,3
alternative medicine,environmental health,3
environmental health,protocol (science),3
gerontology,protocol (science),3
environmental ethics,environmental science,3
biology,coding (social sciences),3
cloud computing,coding (social sciences),3
medicine,neuroinformatics,3
pipeline (software),relevance (law),3
pipeline (software),reliability (semiconductor),3
medical physics,programming language,3
open science,thematic analysis,3
cloud storage,data management,3
data access,information repository,3
coronavirus disease 2019 (covid-19),geography,3
health equity,public health,3
citizen science,thematic analysis,3
data protection act 1998,data sharing,3
digital scholarship,publishing,3
digital scholarship,scholarly communication,3
human–computer interaction,sociology,3
bibliometrics,scientometrics,3
scientometrics,service (business),3
identification (biology),programming language,3
genome-wide association study,medicine,3
medicine,single-nucleotide polymorphism,3
medical physics,psychology,3
medline,scope (computer science),3
scope (computer science),systematic review,3
medline,telemedicine,3
ecosystem,political science,3
documentation,reproducibility,3
automation,documentation,3
data science,mechanical engineering,3
mechanical engineering,world wide web,3
economics,flexibility (engineering),3
management,social psychology,3
computational science,materials science,3
field (mathematics),physics,3
data sharing,modular design,3
feature (linguistics),mathematics,3
semantic web,usable,3
field (mathematics),flexibility (engineering),3
engineering,transformer,3
machine learning,transformer,3
materials science,mechanical engineering,3
equity (law),inclusion (mineral),3
nursing,social psychology,3
data science,physiology,3
medical imaging,pattern recognition (psychology),3
software system,workflow,3
chemistry,linguistics,3
distribution (mathematics),mathematics,3
health informatics,psychiatry,3
psychiatry,public health,3
materials science,operating system,3
digital data,digital scholarship,3
digital data,key (lock),3
alternative medicine,preprint,3
citizen science,public engagement,3
engineering ethics,european union,3
engineering,image (mathematics),3
blueprint,leverage (statistics),3
public health,thematic analysis,3
interface (matter),medicine,3
cultural heritage,digital preservation,3
genotype,r package,3
health care,health services research,3
best practice,protocol (science),3
computer security,protocol (science),3
protocol (science),reproducibility,3
biology,natural language processing,3
grey literature,medical education,3
alternative medicine,psycinfo,3
development (topology),software engineering,3
epistemology,physics,3
biology,natural (archaeology),3
environmental ethics,geography,3
cloud computing,inference,3
qualitative research,software,3
health science,open science,3
presentation (obstetrics),session (web analytics),3
probabilistic logic,software,3
cultural heritage,geography,3
categorization,documentation,3
geography,tanzania,3
quantum,software,3
quantum computer,software,3
digital asset management,point (geometry),3
plan (archaeology),point (geometry),3
point (geometry),session (web analytics),3
control (management),relevance (law),3
cognitive science,engineering ethics,3
engineering,generative grammar,3
gerontology,psychology,3
grey literature,inclusion (mineral),3
digital library,open research,3
best practice,digital preservation,3
component (thermodynamics),key (lock),3
data governance,open research,3
information system,software,3
personalization,relevance (law),3
data integration,standardization,3
applied psychology,social psychology,3
cultural heritage,domain (mathematical analysis),3
field (mathematics),identification (biology),3
point (geometry),scalability,3
code refactoring,code review,3
field (mathematics),state (computer science),3
robot,software,3
biodiversity,process (computing),3
audit,metadata,3
capability maturity model,political science,3
benchmark (surveying),genomics,3
devops,pipeline (software),3
grey literature,qualitative research,3
health services research,open science,3
artificial intelligence,end-to-end principle,3
academic library,data science,3
accountability,corporate governance,3
corporate governance,european research area,3
incentive,protocol (science),3
economic growth,medline,3
digital library,scalability,3
protocol (science),qualitative research,3
open science,transformative learning,3
digital transformation,key (lock),3
metadata,modular design,3
generative grammar,quality (philosophy),3
personalized medicine,population,3
population,precision medicine,3
academic library,data curation,3
cloud computing,fuzzy logic,3
fuzzy logic,workflow,3
citation,sustainability,3
thematic analysis,workflow,3
automation,systematic review,3
open research,search engine indexing,3
christian ministry,open research,3
christian ministry,service (business),3
ancient history,epistemology,3
ancient history,scientific progress,3
history,siege,3
biology,siege,3
economics,medline,3
mathematics,physiology,3
open data,physiology,3
physiology,world wide web,3
